,Label (Grouping),Population 18 to 24 years,Less than high school graduate,High school graduate (includes equivalency),Some college or associate's degree,Bachelor's degree or higher,Population 25 years and over,Less than 9th grade,"9th to 12th grade, no diploma",High school graduate (includes equivalency).1,"Some college, no degree",Associate's degree,Bachelor's degree,Graduate or professional degree,Percent high school graduate or higher,Percent bachelor's degree or higher,Population 25 to 34 years,High school graduate or higher,Bachelor's degree or higher.1,Population 35 to 44 years,High school graduate or higher.1,Bachelor's degree or higher.2,Population 45 to 64 years,High school graduate or higher.2,Bachelor's degree or higher.3,Population 65 years and over,High school graduate or higher.3,Bachelor's degree or higher.4
0,Census Tract 5001,657,27.90%,37.70%,20.90%,13.50%,"4,001",19.60%,12.30%,23.80%,11.40%,6.50%,17.00%,9.50%,68.10%,26.50%,"1,174",75.80%,35.10%,"1,144",71.00%,18.70%,"1,224",60.90%,27.90%,459,60.60%,20.00%
6,Census Tract 5002,"1,008",26.90%,20.60%,41.30%,11.20%,"4,027",5.80%,8.30%,18.60%,22.40%,5.70%,28.20%,10.90%,85.90%,39.20%,"1,389",88.20%,44.60%,"1,278",88.40%,45.90%,"1,128",91.00%,31.60%,232,33.20%,6.50%
12,Census Tract 5003,397,20.70%,34.00%,37.50%,7.80%,"2,667",13.10%,5.60%,14.30%,21.20%,5.80%,25.00%,15.00%,81.30%,40.00%,841,85.30%,60.80%,944,72.10%,29.40%,661,97.10%,39.30%,221,58.40%,8.60%
18,Census Tract 5004,229,12.70%,26.60%,52.40%,8.30%,"1,665",8.50%,9.30%,19.80%,15.20%,4.30%,25.60%,17.20%,82.20%,42.80%,483,82.00%,52.00%,392,83.70%,41.30%,425,87.30%,50.80%,365,74.80%,23.00%
24,Census Tract 5005,301,17.30%,3.30%,42.20%,37.20%,"3,752",5.80%,4.90%,13.40%,17.90%,4.50%,32.20%,21.30%,89.30%,53.50%,665,95.50%,40.90%,783,87.00%,74.70%,"1,440",98.00%,65.10%,864,72.10%,24.80%
30,Census Tract 5006,471,9.30%,52.90%,14.90%,22.90%,"3,368",4.70%,5.00%,22.00%,14.80%,5.20%,29.90%,18.30%,90.30%,48.30%,"1,025",93.50%,42.70%,842,89.90%,53.10%,"1,146",91.40%,56.00%,355,78.30%,27.90%
36,Census Tract 5008,108,23.10%,51.90%,15.70%,9.30%,"1,660",9.60%,12.30%,24.90%,19.00%,3.70%,22.10%,8.40%,78.10%,30.50%,624,89.70%,30.80%,294,76.90%,41.50%,398,62.30%,27.60%,344,76.20%,24.10%
42,Census Tract 5009.01,880,10.60%,5.90%,59.10%,24.40%,"2,109",9.30%,4.70%,17.40%,14.60%,6.90%,32.40%,14.70%,86.00%,47.10%,"1,041",90.10%,46.50%,334,92.50%,61.10%,474,79.10%,43.90%,260,73.80%,37.70%
48,Census Tract 5009.02,"1,583",2.00%,28.20%,65.30%,4.50%,841,10.90%,13.40%,17.20%,23.40%,1.00%,19.70%,14.30%,75.60%,34.00%,348,100.00%,52.30%,229,56.30%,7.00%,193,68.90%,40.90%,71,36.60%,12.70%
54,Census Tract 5010,662,20.70%,15.30%,51.10%,13.00%,"3,282",20.90%,12.50%,16.80%,13.40%,6.20%,18.20%,11.90%,66.60%,30.10%,827,78.80%,46.90%,"1,016",56.50%,14.80%,814,78.00%,36.10%,625,51.80%,25.10%
60,Census Tract 5011.01,334,0.00%,2.40%,55.70%,41.90%,"2,833",7.80%,4.30%,19.80%,12.30%,7.10%,29.30%,19.40%,88.00%,48.70%,907,99.00%,68.20%,744,89.70%,65.70%,706,84.30%,32.40%,476,69.70%,9.00%
66,Census Tract 5011.02,346,15.30%,6.90%,77.70%,0.00%,"2,885",11.20%,17.30%,24.00%,16.70%,11.70%,12.00%,7.10%,71.50%,19.10%,572,58.90%,35.80%,768,86.10%,15.20%,"1,029",74.10%,16.10%,516,58.50%,12.20%
72,Census Tract 5012,617,30.50%,30.00%,34.50%,5.00%,"2,375",15.90%,11.70%,14.50%,27.60%,10.10%,14.10%,6.10%,72.40%,20.20%,573,86.90%,25.10%,496,83.30%,29.60%,998,66.50%,16.20%,308,47.10%,8.40%
78,Census Tract 5013,910,12.00%,15.40%,52.40%,20.20%,"2,315",8.30%,4.50%,17.50%,13.50%,5.10%,32.40%,18.60%,87.10%,51.00%,662,95.30%,50.30%,594,79.80%,51.00%,873,89.90%,53.40%,186,68.30%,42.50%
84,Census Tract 5014.01,265,49.80%,41.50%,8.70%,0.00%,"1,754",32.70%,17.80%,23.30%,10.80%,4.10%,6.40%,4.90%,49.50%,11.30%,675,46.40%,7.00%,464,42.90%,9.70%,399,60.40%,13.50%,216,53.20%,24.10%
90,Census Tract 5014.02,357,14.80%,41.70%,38.90%,4.50%,"1,785",17.60%,15.60%,31.00%,13.30%,5.40%,8.70%,8.30%,66.80%,17.00%,823,75.00%,14.90%,393,66.70%,15.00%,392,54.10%,17.10%,177,57.10%,31.10%
96,Census Tract 5015.01,368,31.50%,41.30%,15.20%,12.00%,"2,357",20.30%,17.30%,27.00%,13.80%,5.00%,11.70%,4.90%,62.40%,16.50%,862,70.20%,23.70%,610,77.70%,11.30%,664,48.60%,12.80%,221,31.20%,14.50%
102,Census Tract 5015.02,422,17.50%,36.30%,32.20%,14.00%,"2,215",27.50%,15.30%,22.70%,9.40%,3.50%,15.50%,6.10%,57.20%,21.60%,774,55.60%,18.20%,590,63.40%,23.10%,699,55.20%,26.20%,152,50.70%,11.80%
108,Census Tract 5016,"1,469",8.60%,14.20%,55.10%,22.10%,"3,262",18.40%,11.90%,18.90%,17.40%,9.00%,14.60%,9.70%,69.70%,24.40%,"1,165",77.40%,25.60%,867,59.50%,22.80%,"1,013",67.40%,26.10%,217,80.20%,16.10%
114,Census Tract 5017,559,32.40%,35.10%,28.60%,3.90%,"2,438",37.90%,18.20%,18.80%,14.30%,5.00%,3.70%,2.10%,43.80%,5.70%,830,48.30%,10.80%,739,41.40%,1.90%,611,48.90%,4.60%,258,24.40%,3.10%
120,Census Tract 5018,615,29.80%,42.80%,27.50%,0.00%,"3,133",13.20%,10.40%,19.10%,17.40%,8.40%,19.00%,12.60%,76.40%,31.50%,700,74.90%,24.60%,863,80.60%,41.00%,"1,166",82.30%,33.80%,404,53.00%,16.80%
126,Census Tract 5019,603,38.30%,30.20%,22.90%,8.60%,"2,903",4.50%,8.40%,19.70%,22.60%,5.90%,28.30%,10.50%,87.00%,38.80%,868,88.00%,51.50%,657,91.90%,31.70%,894,90.70%,32.70%,484,71.70%,37.00%
132,Census Tract 5020.01,442,7.00%,21.00%,62.90%,9.00%,"3,655",11.10%,13.00%,21.00%,28.00%,6.10%,15.00%,5.70%,75.80%,20.70%,"1,272",67.90%,19.60%,732,84.70%,31.00%,"1,364",83.60%,17.80%,287,51.60%,13.20%
138,Census Tract 5020.02,436,28.20%,36.90%,30.50%,4.40%,"2,849",18.80%,16.60%,24.20%,15.20%,6.70%,12.30%,6.10%,64.70%,18.50%,"1,013",66.60%,23.00%,706,63.20%,11.80%,784,62.40%,17.90%,346,67.10%,20.20%
144,Census Tract 5021.01,360,5.60%,31.10%,47.50%,15.80%,"3,561",3.80%,8.60%,22.70%,21.80%,5.40%,26.10%,11.60%,87.60%,37.70%,881,85.80%,35.20%,519,91.50%,49.30%,"1,364",93.00%,41.60%,797,77.90%,26.50%
150,Census Tract 5021.02,456,33.10%,34.20%,15.10%,17.50%,"4,411",12.50%,10.10%,22.40%,16.00%,9.60%,21.10%,8.40%,77.40%,29.50%,"1,655",79.60%,31.50%,"1,023",81.30%,30.50%,"1,324",72.50%,30.30%,409,74.60%,16.40%
156,Census Tract 5022.01,771,18.90%,23.10%,37.00%,21.00%,"4,368",8.70%,7.40%,15.30%,28.70%,9.30%,18.00%,12.50%,83.90%,30.60%,"1,670",76.70%,38.40%,948,86.50%,21.70%,"1,334",88.90%,20.00%,416,90.40%,53.10%
162,Census Tract 5022.02,125,14.40%,0.00%,58.40%,27.20%,"2,030",2.30%,1.50%,8.20%,22.80%,12.80%,29.80%,22.60%,96.20%,52.40%,343,100.00%,74.30%,514,95.90%,56.80%,817,97.60%,48.80%,356,89.60%,33.10%
168,Census Tract 5023.01,177,0.00%,15.80%,74.60%,9.60%,"2,172",1.50%,4.10%,18.00%,17.40%,8.00%,26.00%,25.10%,94.40%,51.10%,301,100.00%,68.80%,422,100.00%,67.10%,"1,043",99.00%,50.80%,406,72.70%,21.90%
174,Census Tract 5023.02,163,0.00%,15.30%,56.40%,28.20%,"2,133",10.40%,3.10%,12.70%,28.20%,4.20%,23.20%,18.20%,86.50%,41.40%,637,79.30%,24.80%,447,94.00%,54.80%,822,88.40%,41.50%,227,85.00%,61.20%
180,Census Tract 5024,314,0.00%,38.90%,54.50%,6.70%,"5,077",2.90%,2.40%,15.20%,24.10%,7.90%,35.30%,12.20%,94.70%,47.50%,958,100.00%,55.30%,"1,278",97.30%,58.50%,"2,124",97.70%,46.80%,717,73.90%,19.50%
186,Census Tract 5025,338,12.10%,17.20%,62.40%,8.30%,"4,295",2.80%,1.80%,18.00%,18.30%,6.40%,30.10%,22.60%,95.30%,52.70%,982,100.00%,38.60%,796,100.00%,77.10%,"1,741",95.10%,62.40%,776,85.30%,23.80%
192,Census Tract 5026.01,162,0.00%,19.10%,74.10%,6.80%,"2,122",4.10%,3.60%,11.50%,21.40%,4.10%,29.50%,25.70%,92.20%,55.20%,164,100.00%,75.00%,449,86.60%,68.80%,822,91.20%,51.90%,687,95.20%,45.60%
198,Census Tract 5026.03,199,13.10%,33.20%,23.60%,30.20%,"1,923",0.00%,0.00%,15.70%,17.80%,11.30%,36.10%,19.10%,100.00%,55.20%,302,100.00%,50.70%,264,100.00%,81.80%,904,100.00%,50.20%,453,100.00%,52.80%
204,Census Tract 5026.04,297,13.50%,16.20%,28.60%,41.80%,"3,386",1.70%,3.80%,16.00%,24.50%,12.00%,27.80%,14.30%,94.50%,42.00%,"1,468",92.80%,51.00%,674,97.20%,53.10%,987,93.60%,30.40%,257,100.00%,6.60%
210,Census Tract 5027.01,265,13.20%,33.60%,34.30%,18.90%,"3,181",2.50%,2.70%,14.30%,19.80%,10.50%,31.00%,19.30%,94.80%,50.30%,770,98.40%,47.40%,783,95.80%,52.50%,"1,120",94.40%,56.20%,508,89.00%,38.40%
216,Census Tract 5027.02,721,0.00%,22.90%,59.60%,17.50%,"5,563",4.70%,5.70%,12.80%,17.00%,6.80%,33.20%,19.70%,89.50%,52.90%,"1,163",94.20%,67.00%,"1,267",86.00%,63.90%,"2,109",93.50%,49.90%,"1,024",80.60%,29.40%
222,Census Tract 5028,244,24.20%,52.00%,19.70%,4.10%,"2,716",4.60%,4.70%,20.70%,25.40%,9.60%,25.50%,9.50%,90.70%,35.00%,447,90.20%,34.90%,685,92.70%,46.10%,"1,079",95.40%,34.90%,505,78.40%,20.00%
228,Census Tract 5029.01,566,4.90%,19.60%,63.30%,12.20%,"3,975",3.60%,4.40%,21.20%,25.60%,8.40%,24.30%,12.50%,92.00%,36.90%,664,89.00%,50.30%,751,98.00%,48.50%,"1,756",90.10%,30.40%,804,92.90%,29.00%
234,Census Tract 5029.02,611,18.00%,33.20%,48.80%,0.00%,"5,226",4.80%,4.40%,14.90%,19.00%,10.70%,29.30%,16.90%,90.70%,46.20%,818,87.00%,32.90%,"1,275",94.40%,52.90%,"2,156",89.40%,45.80%,977,92.10%,49.50%
240,Census Tract 5029.03,141,6.40%,43.30%,17.00%,33.30%,"3,617",3.20%,2.90%,11.80%,19.40%,6.50%,34.40%,21.80%,93.90%,56.20%,386,95.90%,80.30%,940,95.00%,60.70%,"1,422",95.70%,53.60%,869,88.70%,44.90%
246,Census Tract 5029.06,312,22.40%,32.70%,38.10%,6.70%,"3,027",2.50%,9.80%,20.30%,24.50%,7.40%,25.40%,10.10%,87.70%,35.50%,847,92.20%,38.10%,775,86.70%,40.00%,960,93.30%,33.90%,445,68.80%,26.30%
252,Census Tract 5029.07,156,12.80%,39.10%,30.10%,17.90%,"2,513",2.30%,4.30%,22.60%,22.60%,5.70%,23.00%,19.40%,93.40%,42.50%,292,100.00%,37.30%,647,91.20%,46.80%,"1,038",97.10%,46.10%,536,85.30%,32.80%
258,Census Tract 5029.08,470,3.20%,33.60%,51.70%,11.50%,"4,672",8.20%,4.50%,12.90%,23.90%,11.30%,26.30%,12.90%,87.30%,39.20%,831,71.20%,34.20%,"1,246",96.00%,53.20%,"1,820",95.10%,34.70%,775,72.00%,32.50%
264,Census Tract 5029.09,477,19.30%,21.80%,55.30%,3.60%,"3,446",5.10%,3.50%,27.20%,25.20%,7.70%,23.90%,7.40%,91.40%,31.30%,974,91.50%,43.20%,538,96.50%,39.00%,"1,100",96.20%,25.10%,834,81.70%,20.50%
270,Census Tract 5029.10,290,14.10%,34.50%,30.30%,21.00%,"2,520",5.90%,2.90%,23.80%,24.50%,7.30%,24.80%,11.00%,91.30%,35.70%,639,95.90%,41.00%,620,98.50%,48.10%,776,92.40%,37.60%,485,74.00%,9.90%
276,Census Tract 5030.01,231,26.80%,16.50%,47.20%,9.50%,"2,811",0.70%,3.60%,11.30%,19.60%,7.50%,36.60%,20.60%,95.70%,57.20%,233,95.70%,59.20%,648,100.00%,74.10%,"1,300",96.80%,57.30%,630,88.70%,39.00%
282,Census Tract 5030.02,152,7.20%,19.10%,44.10%,29.60%,"2,509",5.00%,3.80%,21.80%,15.70%,8.10%,32.40%,13.20%,91.20%,45.60%,564,91.00%,56.00%,424,83.30%,61.30%,868,95.50%,45.20%,653,90.80%,27.00%
288,Census Tract 5030.03,493,15.60%,36.70%,38.50%,9.10%,"3,482",2.80%,4.90%,17.90%,24.50%,6.90%,28.70%,14.30%,92.30%,43.00%,668,97.20%,49.00%,789,93.20%,52.90%,"1,414",96.90%,43.80%,611,75.10%,22.10%
294,Census Tract 5031.05,178,5.10%,28.70%,60.10%,6.20%,"1,388",24.00%,15.60%,20.00%,18.60%,6.60%,10.50%,4.70%,60.40%,15.20%,420,83.80%,19.30%,301,48.20%,18.90%,398,59.50%,7.80%,269,38.70%,15.60%
300,Census Tract 5031.08,651,15.80%,37.20%,35.80%,11.20%,"4,982",9.40%,4.20%,15.60%,19.10%,8.60%,24.10%,19.00%,86.50%,43.20%,"1,507",91.50%,45.00%,"1,491",87.30%,57.80%,"1,447",91.80%,34.40%,537,55.70%,21.00%
306,Census Tract 5031.10,779,17.60%,26.70%,37.70%,18.00%,"2,380",35.60%,21.80%,16.40%,12.30%,4.00%,7.40%,2.40%,42.60%,9.80%,815,38.70%,5.90%,593,39.00%,11.60%,728,47.70%,8.10%,244,49.20%,23.40%
312,Census Tract 5031.11,438,3.00%,35.80%,53.90%,7.30%,"2,878",17.90%,13.80%,23.50%,17.40%,9.20%,14.70%,3.50%,68.30%,18.20%,526,69.00%,17.30%,771,70.70%,23.10%,"1,136",77.70%,17.40%,445,39.30%,13.00%
318,Census Tract 5031.12,485,20.40%,22.30%,49.50%,7.80%,"2,451",16.00%,14.90%,19.20%,18.30%,10.10%,14.50%,7.10%,69.20%,21.60%,887,85.00%,38.40%,627,67.60%,12.10%,732,57.10%,7.80%,205,48.30%,27.30%
324,Census Tract 5031.13,607,65.90%,13.50%,20.60%,0.00%,"2,851",30.00%,24.90%,23.50%,11.40%,2.60%,4.90%,2.70%,45.10%,7.70%,"1,389",50.50%,10.70%,676,41.40%,10.50%,608,35.90%,0.00%,178,49.40%,0.00%
330,Census Tract 5031.15,276,3.30%,14.10%,76.40%,6.20%,"4,286",5.70%,5.00%,23.10%,17.50%,8.10%,26.90%,13.70%,89.20%,40.60%,"1,223",89.50%,54.50%,"1,086",95.50%,52.40%,"1,221",86.20%,31.90%,756,84.80%,15.30%
336,Census Tract 5031.16,362,22.40%,22.90%,35.40%,19.30%,"3,880",7.40%,7.10%,15.20%,17.60%,10.00%,24.90%,17.80%,85.50%,42.70%,"1,436",90.40%,55.30%,671,93.30%,59.90%,"1,088",85.40%,30.00%,685,68.00%,19.70%
342,Census Tract 5031.17,299,20.40%,7.40%,72.20%,0.00%,"1,793",25.70%,23.60%,18.20%,7.70%,1.70%,12.50%,10.60%,50.80%,23.10%,458,36.00%,12.20%,421,55.80%,28.30%,632,59.80%,21.50%,282,46.80%,36.90%
348,Census Tract 5031.18,509,14.30%,21.60%,61.70%,2.40%,"3,202",14.60%,12.40%,26.20%,14.70%,6.90%,17.50%,7.80%,73.10%,25.30%,"1,119",81.60%,32.10%,763,67.40%,33.00%,"1,091",65.30%,13.70%,229,87.80%,21.40%
354,Census Tract 5031.21,584,11.50%,33.70%,51.90%,2.90%,"2,781",11.50%,15.10%,28.70%,16.30%,9.30%,15.00%,4.10%,73.40%,19.20%,646,79.90%,25.50%,573,82.50%,16.10%,"1,214",73.60%,13.00%,348,45.40%,33.90%
360,Census Tract 5031.22,253,29.60%,33.20%,32.80%,4.30%,"1,788",11.10%,12.00%,22.00%,24.40%,9.30%,15.30%,5.90%,76.90%,21.20%,260,100.00%,42.30%,521,70.80%,14.80%,618,69.90%,18.80%,389,80.70%,19.50%
366,Census Tract 5031.23,534,31.80%,29.00%,26.20%,12.90%,"2,219",12.60%,15.00%,30.70%,24.30%,4.10%,11.50%,1.80%,72.40%,13.30%,489,77.10%,15.30%,389,72.00%,15.40%,924,73.20%,13.10%,417,65.70%,9.40%
372,Census Tract 5032.04,780,8.50%,39.20%,44.70%,7.60%,"4,378",18.00%,11.50%,31.60%,20.90%,5.40%,10.30%,2.30%,70.40%,12.60%,"1,316",83.00%,17.10%,"1,205",64.70%,14.70%,"1,567",70.30%,9.60%,290,37.90%,0.00%
378,Census Tract 5032.07,535,31.20%,24.70%,20.70%,23.40%,"2,612",7.40%,9.80%,23.50%,21.10%,10.60%,23.50%,3.90%,82.80%,27.50%,511,96.70%,56.90%,654,86.20%,13.60%,"1,053",84.40%,23.70%,394,54.60%,22.30%
384,Census Tract 5032.08,744,15.20%,3.50%,81.30%,0.00%,"2,338",24.60%,13.50%,22.70%,16.30%,2.50%,13.00%,7.40%,61.90%,20.40%,566,66.10%,15.70%,546,48.20%,16.80%,"1,001",62.80%,20.50%,225,80.40%,40.40%
390,Census Tract 5032.10,911,30.40%,28.80%,25.00%,15.80%,"2,329",23.40%,9.30%,20.20%,17.90%,12.20%,13.30%,3.80%,67.40%,17.10%,923,70.00%,17.90%,499,84.00%,17.40%,772,64.00%,18.90%,135,7.40%,0.00%
396,Census Tract 5032.11,489,2.20%,35.40%,56.90%,5.50%,"3,063",18.90%,10.00%,24.30%,19.90%,9.90%,13.00%,4.00%,71.00%,17.00%,716,87.40%,20.00%,560,72.70%,20.40%,"1,249",69.00%,15.10%,538,52.20%,13.90%
402,Census Tract 5032.12,375,31.50%,27.20%,30.10%,11.20%,"2,869",11.30%,11.40%,20.30%,20.30%,8.90%,24.20%,3.80%,77.40%,28.00%,988,93.90%,34.50%,533,84.80%,46.00%,969,68.80%,15.50%,379,45.60%,17.70%
408,Census Tract 5032.13,361,6.60%,28.80%,53.20%,11.40%,"2,979",15.70%,10.90%,33.90%,23.10%,5.50%,7.50%,3.40%,73.40%,10.90%,438,87.90%,2.10%,823,82.40%,14.10%,"1,236",71.90%,15.00%,482,48.50%,2.70%
414,Census Tract 5032.14,826,6.30%,44.40%,36.40%,12.80%,"4,238",18.10%,17.80%,31.30%,14.10%,5.70%,11.20%,1.90%,64.20%,13.00%,"1,173",71.40%,20.50%,927,63.90%,10.20%,"1,663",66.10%,10.00%,475,39.80%,10.90%
420,Census Tract 5032.17,691,33.00%,37.90%,26.90%,2.20%,"2,409",31.30%,14.90%,26.00%,20.50%,2.50%,3.40%,1.30%,53.80%,4.80%,846,48.80%,8.20%,595,47.90%,0.00%,733,67.70%,4.40%,235,43.40%,6.00%
426,Census Tract 5032.18,436,23.60%,27.30%,49.10%,0.00%,"2,269",26.00%,18.60%,26.10%,13.40%,6.80%,7.90%,1.10%,55.40%,9.00%,675,63.40%,14.50%,544,47.10%,6.80%,744,58.90%,7.70%,306,44.10%,3.90%
432,Census Tract 5033.04,888,22.00%,30.90%,44.70%,2.50%,"3,532",21.20%,7.00%,26.70%,18.70%,10.10%,12.90%,3.20%,71.70%,16.20%,875,82.60%,23.40%,742,71.20%,20.50%,"1,269",69.90%,15.20%,646,61.30%,3.30%
438,Census Tract 5033.05,597,24.60%,17.80%,49.40%,8.20%,"3,761",20.60%,15.80%,18.20%,19.10%,9.50%,15.70%,1.00%,63.70%,16.80%,776,92.50%,23.70%,916,64.60%,17.50%,"1,399",62.80%,16.80%,670,30.70%,7.80%
444,Census Tract 5033.06,361,19.70%,43.80%,36.60%,0.00%,"2,306",25.70%,10.20%,34.30%,16.40%,5.10%,7.50%,0.70%,64.10%,8.20%,714,63.30%,6.00%,469,74.60%,13.00%,652,77.30%,7.80%,471,36.50%,7.40%
450,Census Tract 5033.12,211,16.10%,29.90%,31.30%,22.70%,"2,297",7.00%,7.20%,20.30%,17.70%,12.50%,23.20%,12.10%,85.80%,35.30%,410,94.60%,53.70%,441,93.00%,25.20%,905,95.40%,40.60%,541,57.30%,20.90%
456,Census Tract 5033.13,388,10.80%,8.80%,75.30%,5.20%,"2,720",7.40%,7.60%,9.40%,17.40%,7.90%,31.00%,19.30%,84.90%,50.30%,194,85.10%,32.50%,625,88.60%,50.70%,"1,478",87.10%,58.70%,423,71.60%,28.40%
462,Census Tract 5033.15,735,12.90%,30.10%,52.50%,4.50%,"4,820",11.10%,11.20%,26.60%,21.60%,7.30%,15.90%,6.30%,77.70%,22.30%,"1,170",74.50%,23.40%,"1,156",88.40%,29.60%,"1,857",80.80%,22.90%,637,55.40%,5.20%
468,Census Tract 5033.21,602,19.60%,25.70%,30.20%,24.40%,"3,014",12.20%,7.60%,16.30%,20.70%,9.70%,26.30%,7.20%,80.20%,33.50%,531,88.10%,36.20%,562,78.30%,37.20%,"1,414",85.50%,37.40%,507,59.20%,15.60%
474,Census Tract 5033.22,467,43.00%,16.50%,34.50%,6.00%,"2,630",15.80%,5.90%,25.40%,23.30%,5.90%,18.30%,5.30%,78.30%,23.70%,562,82.60%,11.70%,629,90.00%,39.00%,"1,013",76.30%,20.90%,426,60.10%,23.20%
480,Census Tract 5033.23,746,18.10%,36.90%,39.10%,5.90%,"3,317",10.30%,8.40%,20.60%,21.70%,8.10%,23.20%,7.70%,81.30%,30.90%,806,82.60%,17.10%,784,89.80%,35.60%,"1,246",86.50%,42.90%,481,51.80%,15.00%
486,Census Tract 5033.24,309,9.10%,24.30%,55.00%,11.70%,"2,246",5.90%,9.50%,18.30%,17.70%,13.80%,28.10%,6.60%,84.60%,34.80%,449,96.90%,47.90%,542,81.90%,29.50%,"1,066",86.30%,33.60%,189,53.40%,25.40%
492,Census Tract 5033.25,348,11.50%,46.60%,39.40%,2.60%,"2,710",12.70%,8.30%,18.00%,23.20%,7.30%,21.50%,8.90%,79.00%,30.40%,587,84.50%,43.40%,741,76.70%,22.90%,981,84.30%,31.60%,401,62.10%,22.20%
498,Census Tract 5033.26,323,6.80%,22.60%,39.00%,31.60%,"3,892",5.80%,3.60%,10.10%,17.80%,7.90%,27.60%,27.10%,90.60%,54.80%,824,98.40%,70.50%,"1,171",99.20%,66.60%,"1,529",84.30%,43.40%,368,71.50%,29.10%
504,Census Tract 5033.27,392,5.10%,27.60%,64.80%,2.60%,"2,936",8.60%,8.30%,22.60%,19.10%,10.50%,19.20%,11.60%,83.10%,30.90%,557,85.60%,40.90%,674,85.20%,33.10%,"1,169",81.80%,27.20%,536,80.80%,25.60%
510,Census Tract 5033.29,161,0.00%,47.20%,52.80%,0.00%,"2,055",2.40%,2.60%,8.70%,10.40%,11.60%,38.40%,25.90%,95.00%,64.40%,405,100.00%,70.10%,545,90.30%,68.60%,896,97.80%,67.00%,209,86.10%,31.10%
516,Census Tract 5033.30,340,10.60%,24.40%,59.10%,5.90%,"4,471",1.70%,1.20%,8.20%,8.80%,5.80%,37.00%,37.30%,97.10%,74.30%,649,97.20%,78.60%,"1,853",98.00%,84.30%,"1,594",99.00%,70.60%,375,84.80%,33.60%
522,Census Tract 5033.31,246,7.70%,12.60%,69.50%,10.20%,"2,671",5.30%,0.60%,14.30%,25.00%,10.00%,30.70%,14.20%,94.10%,44.90%,267,97.40%,65.90%,473,80.30%,61.90%,"1,093",95.90%,36.50%,838,98.40%,39.50%
528,Census Tract 5033.32,189,0.00%,49.70%,50.30%,0.00%,"4,468",0.90%,1.10%,9.90%,26.50%,6.30%,34.10%,21.20%,98.00%,55.20%,60,100.00%,100.00%,534,100.00%,57.70%,"1,452",99.10%,61.20%,"2,422",96.80%,50.00%
534,Census Tract 5033.33,327,6.10%,56.30%,33.00%,4.60%,"2,942",8.30%,2.10%,17.00%,24.80%,12.40%,21.90%,13.50%,89.60%,35.40%,620,100.00%,40.80%,835,87.70%,35.30%,"1,120",93.80%,34.60%,367,63.50%,28.90%
540,Census Tract 5033.34,707,3.00%,5.80%,80.10%,11.20%,"5,828",3.30%,1.10%,9.10%,9.70%,6.70%,37.80%,32.20%,95.50%,70.10%,803,97.60%,60.90%,"2,000",98.60%,78.80%,"2,494",96.40%,70.60%,531,76.50%,49.00%
546,Census Tract 5033.36,321,35.80%,19.00%,45.20%,0.00%,"2,061",16.20%,7.50%,14.10%,31.30%,10.40%,15.10%,5.30%,76.30%,20.40%,520,90.40%,35.60%,485,94.80%,10.50%,828,66.30%,16.50%,228,40.80%,21.10%
552,Census Tract 5033.37,458,24.50%,17.00%,49.80%,8.70%,"2,424",14.70%,16.30%,17.90%,10.40%,11.90%,21.80%,6.90%,69.00%,28.70%,297,81.80%,46.50%,754,81.70%,28.60%,975,68.30%,27.30%,398,36.90%,19.10%
558,Census Tract 5034.01,338,28.10%,49.70%,17.20%,5.00%,"2,541",29.50%,17.90%,23.10%,18.70%,3.70%,5.60%,1.70%,52.60%,7.20%,855,45.30%,1.90%,482,68.50%,11.60%,894,49.30%,9.80%,310,57.70%,7.70%
564,Census Tract 5034.02,816,35.40%,27.10%,35.20%,2.30%,"2,326",30.40%,22.90%,20.40%,13.40%,3.10%,7.50%,2.30%,46.70%,9.80%,721,45.80%,10.50%,382,23.30%,0.00%,872,61.00%,14.80%,351,38.70%,6.80%
570,Census Tract 5035.04,"1,039",51.50%,20.60%,24.40%,3.50%,"3,617",39.70%,13.40%,21.70%,12.40%,6.10%,5.90%,0.70%,46.90%,6.60%,"1,047",60.00%,5.30%,956,47.20%,3.70%,"1,303",38.40%,8.90%,311,37.30%,10.60%
576,Census Tract 5035.06,457,21.20%,23.90%,54.90%,0.00%,"3,586",23.40%,14.50%,29.00%,13.60%,6.20%,12.30%,1.10%,62.20%,13.40%,802,66.80%,6.40%,964,64.40%,11.30%,"1,248",66.70%,18.80%,572,42.00%,15.20%
582,Census Tract 5035.07,187,44.40%,18.20%,32.10%,5.30%,"1,070",18.40%,12.40%,52.10%,12.60%,2.90%,1.60%,0.00%,69.20%,1.60%,291,79.40%,0.00%,297,69.70%,5.70%,295,45.80%,0.00%,187,89.30%,0.00%
588,Census Tract 5035.08,860,30.20%,40.90%,27.00%,1.90%,"3,065",24.80%,15.40%,32.70%,16.70%,4.70%,4.80%,0.90%,59.70%,5.70%,743,67.00%,0.00%,843,62.40%,6.50%,965,56.60%,10.40%,514,50.80%,3.70%
594,Census Tract 5035.09,416,32.50%,28.60%,31.50%,7.50%,"2,325",22.80%,12.10%,25.20%,16.10%,3.80%,13.20%,6.80%,65.10%,20.00%,388,71.10%,14.40%,579,61.00%,17.80%,"1,017",64.30%,23.80%,341,67.40%,18.80%
600,Census Tract 5035.10,630,57.90%,26.70%,15.40%,0.00%,"3,180",27.10%,22.60%,28.10%,10.70%,4.70%,5.00%,1.60%,50.20%,6.60%,"1,052",40.20%,0.00%,742,54.70%,13.60%,907,67.00%,9.70%,479,33.40%,4.60%
606,Census Tract 5035.11,485,17.50%,28.90%,39.20%,14.40%,"1,963",16.30%,15.70%,13.90%,28.40%,8.00%,10.70%,6.90%,68.00%,17.60%,448,66.50%,18.80%,414,74.60%,21.00%,780,77.30%,17.30%,321,38.60%,12.50%
612,Census Tract 5036.01,293,33.40%,48.80%,17.70%,0.00%,"1,697",22.50%,15.90%,29.50%,9.40%,4.50%,9.40%,8.80%,61.60%,18.20%,641,76.00%,26.70%,452,44.20%,12.20%,386,66.10%,20.70%,218,47.70%,1.40%
618,Census Tract 5036.02,425,29.90%,22.40%,41.20%,6.60%,"2,414",34.30%,13.60%,29.70%,11.20%,5.60%,4.50%,1.20%,52.10%,5.70%,545,64.80%,9.50%,395,73.20%,10.60%,899,45.80%,0.00%,575,35.50%,7.50%
624,Census Tract 5037.03,434,16.80%,31.80%,46.10%,5.30%,"2,037",27.80%,18.90%,31.30%,14.50%,4.10%,2.80%,0.60%,53.30%,3.40%,764,59.40%,4.20%,373,55.20%,2.90%,682,51.50%,0.90%,218,33.90%,9.20%
630,Census Tract 5037.07,558,27.60%,43.00%,24.40%,5.00%,"2,920",15.40%,15.50%,24.00%,22.90%,7.40%,14.30%,0.50%,69.10%,14.80%,998,82.80%,20.20%,727,53.90%,8.80%,977,74.30%,14.50%,218,33.90%,11.50%
636,Census Tract 5037.08,146,30.10%,0.00%,45.90%,24.00%,"1,784",12.10%,9.20%,18.30%,17.90%,14.20%,20.20%,8.00%,78.70%,28.30%,242,87.60%,46.30%,515,76.90%,26.80%,733,79.30%,21.80%,294,73.10%,32.00%
642,Census Tract 5037.09,689,24.10%,21.80%,50.90%,3.20%,"3,142",18.70%,17.20%,26.70%,20.20%,5.70%,9.80%,1.70%,64.10%,11.50%,844,83.90%,5.00%,642,52.80%,13.90%,"1,172",60.20%,15.20%,484,53.70%,10.70%
648,Census Tract 5037.10,436,11.90%,49.80%,38.30%,0.00%,"1,861",27.00%,12.10%,30.90%,15.70%,7.50%,4.80%,2.00%,60.90%,6.80%,662,77.30%,5.90%,344,67.40%,18.90%,472,60.00%,2.80%,383,27.90%,2.60%
654,Census Tract 5037.11,365,28.80%,18.10%,46.30%,6.80%,"2,627",27.90%,13.80%,24.60%,12.70%,5.70%,9.40%,5.90%,58.30%,15.30%,930,53.50%,15.10%,643,67.50%,8.70%,681,66.10%,15.40%,373,39.90%,27.10%
660,Census Tract 5037.12,175,6.30%,26.90%,66.90%,0.00%,"2,446",18.20%,8.10%,27.80%,14.70%,11.90%,12.70%,6.60%,73.80%,19.30%,470,100.00%,11.10%,567,73.70%,15.00%,779,87.20%,33.50%,630,37.60%,11.70%
666,Census Tract 5037.13,262,33.20%,15.30%,51.50%,0.00%,"2,042",20.50%,17.40%,31.70%,14.70%,7.30%,5.00%,3.30%,62.10%,8.30%,434,80.90%,0.20%,503,59.40%,9.90%,679,59.90%,12.50%,426,49.50%,8.00%
672,Census Tract 5038.02,530,17.40%,28.10%,49.10%,5.50%,"5,427",13.50%,14.10%,26.90%,17.50%,7.70%,15.70%,4.60%,72.40%,20.30%,"1,362",86.40%,29.90%,964,82.20%,23.80%,"2,049",64.00%,16.70%,"1,052",61.40%,11.70%
678,Census Tract 5038.03,445,12.10%,31.00%,42.00%,14.80%,"3,147",5.90%,6.20%,13.40%,22.90%,10.40%,30.30%,10.70%,87.90%,41.10%,715,95.00%,49.80%,764,83.20%,38.10%,"1,238",89.40%,36.60%,430,80.00%,44.90%
684,Census Tract 5038.04,364,3.30%,42.00%,29.90%,24.70%,"3,555",14.50%,9.80%,25.10%,19.00%,6.90%,21.00%,3.70%,75.70%,24.70%,744,94.60%,37.40%,976,82.80%,21.40%,"1,176",70.70%,24.80%,659,52.50%,15.00%
690,Census Tract 5039.02,294,49.70%,17.30%,28.60%,4.40%,"3,159",12.80%,11.40%,28.00%,17.80%,10.60%,15.90%,3.60%,75.80%,19.40%,990,85.50%,32.30%,820,76.30%,11.00%,"1,051",70.50%,17.90%,298,60.70%,5.40%
696,Census Tract 5039.03,230,30.00%,32.60%,37.40%,0.00%,"2,122",20.70%,16.70%,26.10%,18.20%,7.00%,6.90%,4.30%,62.60%,11.20%,534,79.60%,12.20%,446,58.70%,12.30%,622,65.60%,10.60%,520,44.80%,10.00%
702,Census Tract 5040.01,552,21.70%,30.60%,38.80%,8.90%,"3,539",25.30%,14.20%,27.20%,19.60%,5.60%,7.20%,1.00%,60.50%,8.30%,"1,095",56.60%,8.70%,938,63.00%,13.40%,"1,098",64.60%,3.50%,408,54.40%,8.10%
708,Census Tract 5040.02,778,43.70%,22.60%,31.10%,2.60%,"3,488",29.00%,12.80%,28.40%,13.10%,4.00%,9.00%,3.70%,58.20%,12.80%,877,58.40%,13.10%,772,67.00%,17.10%,"1,254",64.50%,10.40%,585,32.80%,11.50%
714,Census Tract 5041.01,"1,066",32.40%,40.80%,25.40%,1.40%,"2,439",19.50%,15.00%,30.90%,14.40%,8.20%,9.80%,2.20%,65.50%,12.00%,485,68.20%,9.10%,580,60.90%,11.20%,996,69.30%,13.00%,378,59.30%,14.60%
720,Census Tract 5041.02,739,19.60%,35.30%,42.50%,2.60%,"3,350",21.30%,19.30%,28.90%,11.90%,4.00%,10.40%,4.20%,59.50%,14.70%,884,70.00%,11.00%,750,46.40%,9.60%,"1,236",64.60%,20.70%,480,47.10%,13.80%
726,Census Tract 5042.01,457,18.40%,13.80%,64.80%,3.10%,"3,332",8.60%,3.90%,20.30%,24.20%,9.20%,22.70%,11.00%,87.50%,33.70%,347,96.50%,28.00%,762,91.60%,37.30%,"1,489",91.20%,41.40%,734,71.30%,17.30%
732,Census Tract 5042.02,390,29.00%,30.80%,40.30%,0.00%,"3,112",4.00%,8.30%,17.80%,13.70%,9.40%,34.60%,12.10%,87.80%,46.80%,337,86.40%,43.90%,618,87.20%,40.80%,"1,455",94.40%,48.70%,702,75.10%,49.40%
738,Census Tract 5043.07,304,22.70%,19.10%,48.40%,9.90%,"4,200",3.60%,7.50%,16.70%,17.10%,13.00%,31.10%,11.10%,89.00%,42.20%,980,85.50%,42.40%,"1,209",88.60%,49.30%,"1,408",96.20%,41.90%,603,78.40%,28.40%
744,Census Tract 5043.08,396,5.30%,15.70%,52.80%,26.30%,"2,828",7.20%,5.80%,16.10%,17.40%,7.40%,22.10%,24.00%,87.00%,46.10%,214,83.20%,72.00%,696,92.40%,42.10%,"1,227",90.90%,53.40%,691,76.00%,29.40%
750,Census Tract 5043.11,497,6.60%,15.50%,44.70%,33.20%,"5,289",6.10%,3.10%,16.20%,13.30%,8.60%,28.30%,24.40%,90.80%,52.70%,"1,391",95.00%,74.10%,"1,489",94.90%,62.10%,"1,733",93.00%,39.40%,676,67.60%,21.90%
756,Census Tract 5043.14,363,2.80%,22.00%,58.10%,17.10%,"3,082",6.30%,3.30%,21.80%,25.60%,10.90%,19.00%,13.00%,90.30%,32.10%,390,100.00%,26.70%,864,89.90%,45.00%,"1,273",95.00%,35.20%,555,73.50%,8.50%
762,Census Tract 5043.15,581,6.20%,24.40%,59.70%,9.60%,"4,286",5.20%,6.40%,19.50%,18.00%,13.10%,23.40%,14.40%,88.40%,37.80%,661,89.40%,40.40%,"1,219",94.10%,40.90%,"1,994",87.10%,39.70%,412,76.70%,15.50%
768,Census Tract 5043.16,442,12.20%,48.60%,21.70%,17.40%,"3,362",11.20%,9.00%,23.80%,17.10%,11.70%,17.30%,9.90%,79.80%,27.20%,684,93.00%,41.50%,911,85.50%,27.30%,"1,488",74.30%,22.20%,279,58.40%,18.30%
774,Census Tract 5043.17,435,0.00%,25.50%,59.50%,14.90%,"3,102",9.30%,4.50%,17.30%,19.10%,11.00%,28.30%,10.50%,86.20%,38.80%,486,100.00%,67.50%,647,95.70%,47.60%,"1,381",88.20%,32.40%,588,59.50%,20.40%
780,Census Tract 5043.18,323,19.50%,20.70%,48.60%,11.10%,"3,448",11.10%,13.10%,18.40%,25.60%,10.60%,15.70%,5.50%,75.80%,21.20%,856,91.40%,35.20%,926,65.90%,20.30%,"1,366",78.00%,12.60%,300,51.70%,23.30%
786,Census Tract 5043.19,597,5.70%,19.40%,69.80%,5.00%,"4,515",12.80%,6.50%,17.90%,18.30%,12.00%,21.60%,10.90%,80.70%,32.50%,"1,022",98.20%,37.10%,958,78.70%,35.20%,"1,919",80.00%,34.80%,616,56.70%,13.60%
792,Census Tract 5043.20,276,3.60%,39.90%,37.30%,19.20%,"2,026",6.40%,4.60%,18.40%,16.10%,8.00%,31.50%,15.10%,89.00%,46.50%,435,100.00%,69.00%,370,91.40%,42.40%,904,88.30%,46.60%,317,73.50%,20.50%
798,Census Tract 5043.21,318,27.00%,19.20%,35.80%,17.90%,"3,651",7.50%,10.00%,13.50%,15.60%,8.60%,29.80%,15.00%,82.50%,44.80%,774,99.00%,74.20%,"1,102",78.90%,51.40%,"1,248",81.20%,28.00%,527,69.10%,27.90%
804,Census Tract 5043.22,343,12.50%,39.70%,43.70%,4.10%,"3,562",3.50%,0.40%,14.80%,6.00%,11.10%,31.40%,32.80%,96.20%,64.20%,"1,396",99.00%,77.20%,"1,138",98.80%,72.70%,695,94.10%,41.70%,333,79.60%,27.60%
810,Census Tract 5043.23,517,4.40%,31.10%,47.20%,17.20%,"4,167",7.90%,8.20%,22.80%,10.00%,5.00%,32.10%,14.00%,83.90%,46.10%,"1,221",93.90%,76.60%,"1,119",82.00%,35.30%,"1,367",89.30%,39.00%,460,46.10%,12.60%
816,Census Tract 5044.10,476,14.70%,30.50%,54.80%,0.00%,"3,030",8.80%,13.10%,23.30%,21.70%,6.00%,19.00%,8.00%,78.00%,27.00%,531,87.20%,40.30%,743,85.10%,36.20%,"1,218",82.30%,20.80%,538,49.60%,15.40%
822,Census Tract 5044.11,518,12.00%,48.80%,35.90%,3.30%,"3,211",7.90%,6.60%,24.40%,20.50%,7.80%,23.80%,9.10%,85.50%,32.90%,477,98.70%,50.30%,981,85.80%,38.40%,"1,330",91.60%,30.80%,423,50.80%,6.60%
828,Census Tract 5044.12,425,22.80%,18.40%,49.60%,9.20%,"2,630",8.50%,9.70%,22.50%,22.50%,6.10%,26.20%,4.50%,81.80%,30.80%,679,81.70%,33.00%,604,83.60%,38.60%,"1,119",86.40%,29.70%,228,54.40%,8.80%
834,Census Tract 5044.13,58,22.40%,0.00%,29.30%,48.30%,"1,327",4.50%,5.20%,18.10%,17.40%,10.20%,25.20%,19.30%,90.30%,44.50%,181,100.00%,86.70%,289,100.00%,78.20%,494,87.20%,27.10%,363,81.80%,20.40%
840,Census Tract 5044.14,504,9.50%,20.60%,29.00%,40.90%,"3,458",3.80%,4.10%,12.10%,14.60%,12.00%,31.10%,22.20%,92.10%,53.40%,526,100.00%,59.70%,899,92.00%,58.20%,"1,585",91.70%,54.10%,448,84.60%,33.70%
846,Census Tract 5044.15,340,3.50%,37.60%,55.90%,2.90%,"3,483",5.70%,2.50%,15.60%,13.40%,11.30%,29.60%,22.00%,91.80%,51.60%,742,91.50%,52.30%,904,95.00%,64.30%,"1,320",97.70%,53.00%,517,71.80%,24.80%
852,Census Tract 5044.16,197,0.00%,37.60%,31.00%,31.50%,"2,225",1.50%,3.90%,10.30%,19.40%,13.40%,37.20%,14.30%,94.60%,51.50%,473,95.60%,42.70%,884,97.50%,64.50%,762,89.90%,48.00%,106,100.00%,7.50%
858,Census Tract 5044.17,33,0.00%,0.00%,63.60%,36.40%,213,0.00%,0.00%,18.30%,19.70%,9.40%,42.70%,9.90%,100.00%,52.60%,47,100.00%,100.00%,32,100.00%,65.60%,101,100.00%,43.60%,33,100.00%,0.00%
864,Census Tract 5044.18,593,16.40%,50.30%,27.30%,6.10%,"2,834",6.80%,19.50%,34.50%,14.10%,6.50%,15.60%,2.90%,73.60%,18.50%,773,75.30%,16.00%,589,70.60%,17.30%,"1,131",71.20%,23.30%,341,83.30%,10.30%
870,Census Tract 5044.20,312,0.00%,6.10%,55.10%,38.80%,"3,043",2.90%,4.50%,14.90%,24.10%,11.00%,25.00%,17.50%,92.60%,42.60%,400,100.00%,54.30%,740,88.20%,36.10%,"1,443",93.50%,39.40%,460,90.20%,52.80%
876,Census Tract 5044.21,389,12.30%,38.60%,29.30%,19.80%,"2,964",7.80%,4.80%,16.50%,16.40%,11.40%,27.50%,15.60%,87.40%,43.10%,426,88.00%,31.20%,784,86.00%,41.70%,"1,284",97.40%,56.60%,470,62.30%,19.40%
882,Census Tract 5044.22,414,7.20%,49.30%,41.50%,1.90%,"2,677",10.50%,9.00%,29.80%,15.10%,8.40%,20.40%,6.80%,80.50%,27.20%,350,90.90%,55.10%,678,81.10%,16.50%,"1,163",83.50%,26.70%,486,65.20%,23.30%
888,Census Tract 5044.23,164,14.60%,15.90%,37.20%,32.30%,"1,677",9.20%,5.70%,27.00%,27.10%,7.40%,21.30%,2.30%,85.20%,23.70%,406,90.60%,20.20%,342,85.40%,33.90%,590,87.60%,25.30%,339,74.00%,14.70%
894,Census Tract 5045.04,"1,053",44.90%,21.90%,28.20%,4.90%,"7,092",6.00%,11.30%,23.20%,15.90%,5.60%,24.20%,13.70%,82.70%,37.90%,"2,849",87.30%,46.10%,"2,236",87.40%,41.50%,"1,635",80.30%,23.70%,372,28.80%,17.20%
900,Census Tract 5045.05,331,9.40%,23.90%,52.60%,14.20%,"2,809",9.40%,7.70%,18.00%,17.60%,11.90%,23.90%,11.50%,82.90%,35.50%,792,92.70%,46.50%,547,92.00%,35.30%,"1,099",80.30%,31.40%,371,56.90%,24.30%
906,Census Tract 5045.06,437,0.00%,25.60%,59.00%,15.30%,"4,214",2.40%,5.90%,21.50%,11.70%,6.70%,31.90%,19.90%,91.70%,51.80%,"1,403",98.10%,60.00%,924,100.00%,62.60%,"1,372",88.60%,41.80%,515,67.60%,36.70%
912,Census Tract 5045.07,555,2.90%,25.90%,32.60%,38.60%,"3,765",7.20%,7.10%,27.30%,19.80%,8.60%,20.40%,9.70%,85.70%,30.10%,924,86.00%,33.30%,857,93.10%,35.70%,"1,606",86.80%,27.60%,378,63.50%,19.60%
918,Census Tract 5046.01,80,10.00%,87.50%,2.50%,0.00%,516,0.00%,7.60%,8.70%,29.70%,6.20%,15.10%,32.80%,92.40%,47.90%,6,100.00%,0.00%,131,76.30%,39.70%,243,96.70%,37.00%,136,100.00%,77.20%
924,Census Tract 5046.02,124,16.10%,50.80%,16.10%,16.90%,"1,061",14.70%,11.90%,40.10%,13.10%,5.20%,6.60%,8.50%,73.40%,15.10%,209,75.10%,0.00%,238,92.00%,51.70%,410,68.80%,4.40%,204,59.30%,9.30%
930,Census Tract 5047,0,-,-,-,-,128,0.00%,0.00%,0.00%,43.80%,21.10%,7.00%,28.10%,100.00%,35.20%,27,100.00%,66.70%,101,100.00%,26.70%,0,-,-,0,-,-
936,Census Tract 5048.02,312,15.40%,34.90%,36.50%,13.10%,"3,870",7.80%,7.40%,26.00%,19.80%,11.60%,17.90%,9.60%,84.90%,27.50%,"1,017",91.20%,51.50%,905,86.20%,23.60%,"1,271",87.10%,19.70%,677,69.40%,11.10%
942,Census Tract 5048.03,505,21.60%,20.20%,42.80%,15.40%,"4,446",7.20%,6.90%,8.60%,10.70%,6.50%,28.40%,31.70%,85.90%,60.10%,"1,725",89.80%,78.70%,"1,000",88.80%,80.40%,"1,047",84.30%,33.60%,674,74.00%,23.30%
948,Census Tract 5048.05,521,35.90%,15.00%,43.20%,6.00%,"4,060",6.30%,6.10%,20.20%,28.80%,10.20%,16.30%,12.20%,87.70%,28.50%,490,96.30%,73.90%,691,87.60%,27.50%,"1,949",92.30%,23.30%,930,73.70%,16.00%
954,Census Tract 5048.06,453,0.00%,57.40%,30.90%,11.70%,"1,992",8.70%,2.50%,33.30%,17.90%,5.40%,26.30%,6.00%,88.90%,32.30%,549,100.00%,29.00%,404,75.20%,19.60%,682,94.40%,47.10%,357,76.50%,23.50%
960,Census Tract 5049.01,273,24.20%,12.80%,36.30%,26.70%,"5,831",1.50%,0.20%,3.50%,9.30%,2.60%,42.90%,40.00%,98.20%,82.90%,"2,816",98.80%,90.00%,"2,183",99.40%,82.10%,575,100.00%,71.30%,257,78.60%,37.40%
966,Census Tract 5050.01,900,13.80%,31.30%,31.60%,23.30%,"6,303",7.60%,3.70%,7.90%,12.20%,10.60%,31.50%,26.50%,88.70%,58.00%,"2,178",100.00%,73.30%,"1,440",88.30%,52.60%,"2,119",83.50%,54.00%,566,65.20%,27.20%
972,Census Tract 5050.06,178,3.90%,0.00%,36.50%,59.60%,"2,951",0.40%,2.00%,7.80%,5.50%,3.90%,36.40%,43.90%,97.50%,80.30%,"1,587",97.90%,84.40%,739,100.00%,91.50%,562,97.70%,63.00%,63,58.70%,0.00%
978,Census Tract 5050.07,685,7.20%,25.70%,60.30%,6.90%,"2,527",8.60%,7.60%,18.20%,20.70%,8.80%,27.50%,8.50%,83.70%,36.00%,486,90.30%,59.90%,558,83.00%,26.30%,897,93.00%,41.50%,586,64.80%,17.10%
984,Census Tract 5050.08,538,13.00%,14.30%,16.40%,56.30%,"3,525",3.00%,0.90%,4.90%,5.80%,4.20%,30.50%,50.60%,96.10%,81.10%,"2,364",99.50%,85.80%,653,91.10%,83.60%,453,94.70%,60.50%,55,21.80%,21.80%
990,Census Tract 5050.09,612,2.10%,27.00%,60.10%,10.80%,"3,891",7.90%,4.30%,24.00%,25.90%,8.70%,13.90%,15.40%,87.90%,29.30%,"1,491",88.70%,36.20%,879,94.00%,40.50%,"1,232",83.70%,16.00%,289,82.70%,15.90%
996,Census Tract 5051,266,5.30%,49.60%,12.40%,32.70%,"2,247",7.80%,5.10%,15.10%,22.70%,9.50%,16.40%,23.40%,87.00%,39.70%,"1,096",94.30%,53.30%,357,82.40%,40.60%,590,79.70%,24.40%,204,77.50%,9.80%
1002,Census Tract 5052.02,604,10.80%,45.00%,37.40%,6.80%,"3,944",6.80%,9.20%,29.40%,20.50%,6.90%,16.90%,10.30%,84.10%,27.20%,"1,228",88.50%,39.00%,972,78.30%,16.70%,"1,117",86.80%,26.30%,627,79.30%,21.90%
1008,Census Tract 5052.03,"1,917",1.60%,18.80%,74.40%,5.20%,"1,902",1.90%,10.40%,14.80%,17.30%,5.00%,30.40%,20.10%,87.70%,50.60%,722,88.80%,60.50%,478,79.50%,54.60%,469,97.90%,46.90%,233,80.70%,18.90%
1014,Census Tract 5053.01,288,5.60%,47.60%,40.60%,6.30%,"2,963",10.30%,4.70%,15.20%,21.50%,13.30%,25.10%,9.80%,84.90%,34.90%,668,90.00%,39.50%,934,89.70%,41.90%,980,88.70%,34.20%,381,54.90%,11.80%
1020,Census Tract 5053.02,415,9.60%,35.90%,51.60%,2.90%,"2,687",4.60%,6.70%,19.30%,24.20%,6.70%,24.40%,14.10%,88.70%,38.40%,364,100.00%,61.50%,783,94.40%,41.90%,987,89.30%,33.70%,553,72.20%,26.80%
1026,Census Tract 5053.03,618,49.70%,22.50%,15.70%,12.10%,"4,036",6.90%,8.20%,26.70%,17.60%,4.30%,20.90%,15.30%,84.90%,36.20%,"1,277",94.80%,49.40%,"1,028",76.10%,28.80%,"1,222",88.90%,31.20%,509,68.20%,30.50%
1032,Census Tract 5053.04,190,7.40%,50.50%,36.30%,5.80%,"2,004",3.80%,7.30%,21.70%,13.60%,9.50%,27.60%,16.50%,88.90%,44.10%,206,100.00%,54.40%,567,98.90%,52.70%,878,90.10%,49.20%,353,63.20%,11.30%
1038,Census Tract 5053.05,438,8.20%,12.60%,75.60%,3.70%,"3,954",7.20%,3.80%,20.30%,23.50%,7.90%,20.50%,16.90%,89.00%,37.30%,783,91.30%,56.70%,"1,072",96.10%,39.80%,"1,374",86.20%,29.50%,725,81.50%,27.60%
1044,Census Tract 5054.01,758,15.40%,6.10%,33.50%,45.00%,"3,968",4.10%,1.60%,9.20%,16.70%,9.70%,33.20%,25.40%,94.20%,58.60%,"1,613",97.50%,82.60%,928,94.10%,59.70%,907,96.40%,35.00%,520,80.80%,23.70%
1050,Census Tract 5054.02,167,21.60%,35.30%,29.30%,13.80%,"2,289",4.70%,11.50%,18.80%,14.30%,10.40%,28.50%,11.80%,83.80%,40.30%,390,97.40%,58.70%,575,87.70%,50.80%,861,84.20%,34.50%,463,66.70%,22.50%
1056,Census Tract 5054.03,223,0.00%,21.50%,55.20%,23.30%,"4,612",2.40%,3.30%,13.80%,17.50%,12.50%,29.30%,21.30%,94.30%,50.60%,"1,814",97.20%,65.40%,"1,048",93.50%,55.80%,"1,323",94.60%,37.50%,427,82.70%,15.20%
1062,Census Tract 5055,337,0.00%,60.50%,32.90%,6.50%,"2,680",3.90%,9.90%,16.80%,24.70%,6.70%,23.80%,14.20%,86.30%,38.00%,518,100.00%,73.90%,566,85.20%,35.70%,"1,025",87.60%,33.20%,571,72.50%,16.50%
1068,Census Tract 5056,"1,289",0.60%,20.20%,67.00%,12.20%,"1,739",7.40%,4.20%,19.40%,22.70%,10.10%,17.20%,19.00%,88.40%,36.20%,331,96.70%,62.80%,434,96.30%,43.50%,524,90.30%,31.70%,450,72.70%,14.70%
1074,Census Tract 5057,"1,032",0.00%,12.30%,63.60%,24.10%,"3,472",3.00%,5.50%,23.90%,32.00%,5.10%,15.20%,15.20%,91.40%,30.40%,904,92.50%,38.60%,719,88.00%,41.20%,"1,429",94.80%,22.20%,420,83.60%,22.60%
1080,Census Tract 5058,108,0.00%,38.00%,32.40%,29.60%,"2,859",5.70%,4.30%,11.80%,24.70%,10.50%,30.10%,13.00%,90.00%,43.10%,601,100.00%,53.90%,809,90.20%,50.40%,974,92.10%,43.80%,475,72.60%,15.60%
1086,Census Tract 5059,545,8.40%,18.90%,45.00%,27.70%,"5,108",1.60%,3.20%,21.50%,20.90%,10.40%,29.30%,13.10%,95.10%,42.30%,"1,430",96.30%,53.80%,"1,211",93.70%,59.10%,"1,588",100.00%,33.90%,879,86.50%,15.70%
1092,Census Tract 5060,179,0.00%,41.30%,35.20%,23.50%,"3,365",1.40%,3.20%,23.50%,16.80%,5.30%,26.90%,22.80%,95.30%,49.70%,780,97.20%,74.70%,999,98.90%,51.10%,"1,094",96.30%,47.30%,492,82.90%,12.80%
1098,Census Tract 5061.01,329,26.10%,25.50%,39.50%,8.80%,"3,103",1.90%,3.80%,16.20%,18.00%,8.30%,26.80%,25.10%,94.30%,51.90%,518,97.30%,36.30%,605,98.30%,70.10%,"1,258",96.50%,59.50%,722,85.00%,34.80%
1104,Census Tract 5061.02,195,0.00%,37.90%,48.70%,13.30%,"2,822",2.00%,8.00%,14.40%,18.00%,8.20%,30.70%,18.70%,90.00%,49.40%,440,100.00%,77.00%,772,96.00%,56.20%,921,87.20%,51.50%,689,80.60%,21.50%
1110,Census Tract 5061.03,273,0.00%,22.30%,54.20%,23.40%,"3,312",0.60%,3.30%,11.60%,20.40%,6.80%,32.00%,25.40%,96.10%,57.30%,774,98.70%,57.60%,690,92.30%,73.90%,"1,275",97.30%,52.30%,573,94.60%,48.20%
1116,Census Tract 5062.02,373,0.00%,48.80%,11.00%,40.20%,"5,080",3.10%,2.40%,15.50%,19.60%,6.50%,29.30%,23.60%,94.50%,52.90%,873,97.10%,60.50%,"1,291",100.00%,66.60%,"1,505",97.10%,58.10%,"1,411",85.00%,30.10%
1122,Census Tract 5062.03,649,6.80%,21.00%,57.00%,15.30%,"3,545",1.70%,1.80%,7.80%,21.00%,5.90%,31.70%,30.10%,96.50%,61.80%,"1,301",98.80%,70.10%,"1,004",100.00%,74.40%,998,92.30%,39.20%,242,87.60%,58.70%
1128,Census Tract 5062.04,306,0.00%,22.90%,40.50%,36.60%,"3,879",1.00%,5.60%,16.50%,19.40%,10.00%,28.80%,18.60%,93.40%,47.40%,873,96.60%,53.00%,845,96.70%,62.60%,"1,370",91.90%,41.60%,791,89.00%,35.10%
1134,Census Tract 5063.01,380,26.60%,0.00%,53.40%,20.00%,"3,746",5.40%,5.90%,23.80%,19.50%,7.60%,23.20%,14.60%,88.80%,37.80%,967,97.70%,53.60%,737,89.30%,52.50%,"1,601",89.70%,26.10%,441,64.90%,21.10%
1140,Census Tract 5063.02,623,14.90%,29.90%,43.70%,11.60%,"4,328",2.20%,3.50%,11.70%,18.30%,7.60%,37.90%,18.70%,94.30%,56.60%,"1,087",94.60%,66.80%,"1,087",96.70%,53.20%,"1,528",92.80%,55.40%,626,93.30%,48.10%
1146,Census Tract 5063.04,485,7.80%,23.30%,48.50%,20.40%,"3,200",5.40%,8.10%,11.90%,17.90%,5.10%,32.60%,18.90%,86.50%,51.50%,"1,170",92.60%,65.50%,745,92.10%,65.20%,"1,072",74.00%,26.10%,213,95.80%,54.90%
1152,Census Tract 5063.05,931,14.80%,21.30%,45.50%,18.40%,"4,585",12.60%,6.70%,23.10%,17.90%,7.00%,19.80%,12.90%,80.70%,32.70%,"1,534",80.20%,36.00%,"1,047",79.00%,36.50%,"1,340",81.00%,28.70%,664,84.00%,27.30%
1158,Census Tract 5064.01,343,20.10%,23.30%,25.90%,30.60%,"3,319",9.70%,3.70%,24.00%,14.80%,7.70%,24.00%,16.10%,86.60%,40.20%,859,94.10%,34.00%,654,89.30%,52.10%,"1,032",91.10%,50.30%,774,70.00%,23.40%
1164,Census Tract 5064.02,755,17.00%,23.30%,35.90%,23.80%,"3,692",4.60%,7.70%,24.10%,23.10%,10.20%,18.70%,11.60%,87.70%,30.30%,937,91.00%,37.50%,947,79.90%,30.20%,"1,317",88.90%,29.00%,491,92.90%,20.40%
1170,Census Tract 5065.01,"1,054",29.50%,25.40%,36.80%,8.30%,"4,190",17.60%,9.60%,19.60%,17.00%,5.30%,22.20%,8.60%,72.80%,30.80%,"1,291",62.30%,27.60%,"1,150",65.60%,31.20%,"1,197",88.00%,37.10%,552,79.50%,24.10%
1176,Census Tract 5065.02,301,4.70%,15.00%,40.50%,39.90%,"2,894",1.00%,5.10%,12.20%,23.10%,6.90%,32.70%,18.90%,93.80%,51.60%,831,98.70%,69.70%,669,93.70%,61.30%,"1,071",93.90%,42.30%,323,81.10%,15.80%
1182,Census Tract 5065.03,524,12.40%,9.50%,38.00%,40.10%,"4,068",1.40%,5.20%,24.00%,24.90%,7.30%,26.80%,10.40%,93.40%,37.20%,907,96.00%,34.30%,996,92.10%,49.90%,"1,406",94.60%,32.70%,759,90.00%,32.40%
1188,Census Tract 5066.01,351,0.00%,21.10%,75.20%,3.70%,"3,059",4.90%,6.30%,11.10%,25.60%,9.70%,23.00%,19.40%,88.90%,42.50%,923,80.80%,28.10%,752,87.10%,56.40%,"1,015",96.90%,49.40%,369,90.20%,31.20%
1194,Census Tract 5066.03,307,18.20%,9.80%,49.50%,22.50%,"2,838",0.50%,6.20%,17.10%,21.10%,11.30%,26.80%,16.90%,93.30%,43.80%,388,95.60%,37.10%,680,91.90%,50.90%,"1,215",97.20%,44.00%,555,84.70%,39.50%
1200,Census Tract 5066.04,286,11.90%,3.10%,57.30%,27.60%,"4,794",5.30%,3.00%,11.90%,18.80%,9.20%,32.30%,19.40%,91.70%,51.70%,877,99.30%,72.70%,"1,173",94.20%,60.30%,"1,999",94.30%,46.70%,745,71.50%,27.00%
1206,Census Tract 5066.05,349,7.70%,7.20%,85.10%,0.00%,"2,747",8.00%,4.30%,21.00%,17.40%,12.60%,24.90%,11.90%,87.70%,36.80%,577,84.90%,41.40%,639,89.20%,44.30%,"1,139",90.50%,31.00%,392,81.40%,34.40%
1212,Census Tract 5066.06,246,22.00%,22.40%,34.60%,21.10%,"2,979",4.50%,4.40%,17.70%,19.80%,12.00%,26.30%,15.30%,91.10%,41.60%,818,83.90%,29.70%,606,97.90%,71.30%,"1,075",95.60%,42.30%,480,84.80%,22.70%
1218,Census Tract 5067.01,284,7.40%,46.10%,38.00%,8.50%,"2,597",2.70%,5.00%,10.60%,17.80%,10.30%,31.90%,21.80%,92.40%,53.70%,467,92.70%,56.30%,625,100.00%,78.60%,"1,095",94.50%,47.40%,410,74.60%,29.50%
1224,Census Tract 5067.02,609,27.60%,26.10%,37.90%,8.40%,"3,580",5.10%,9.00%,14.00%,26.70%,11.40%,24.00%,9.70%,85.90%,33.70%,797,84.20%,14.20%,667,92.50%,50.50%,"1,646",85.40%,39.20%,470,80.90%,23.60%
1230,Census Tract 5067.03,128,9.40%,7.00%,63.30%,20.30%,"2,520",0.50%,4.00%,21.10%,16.90%,10.90%,30.10%,16.50%,95.50%,46.50%,427,93.20%,36.50%,573,97.90%,48.50%,"1,071",96.90%,48.00%,449,91.10%,50.10%
1236,Census Tract 5068.01,299,27.40%,18.70%,45.50%,8.40%,"3,807",0.90%,1.20%,10.80%,14.50%,9.40%,38.80%,24.30%,97.90%,63.20%,327,100.00%,85.90%,"1,062",98.60%,77.70%,"1,788",99.60%,60.90%,630,91.00%,33.50%
1242,Census Tract 5068.02,307,0.00%,16.60%,68.10%,15.30%,"3,682",2.10%,1.60%,18.00%,25.00%,7.10%,31.90%,14.30%,96.30%,46.20%,694,100.00%,54.50%,818,98.80%,72.40%,"1,445",96.10%,35.20%,725,90.50%,30.60%
1248,Census Tract 5068.03,579,12.30%,29.40%,42.10%,16.20%,"4,373",3.90%,2.50%,14.40%,15.50%,8.00%,38.60%,17.00%,93.50%,55.60%,592,85.80%,42.10%,"1,359",99.00%,74.80%,"1,701",95.60%,51.90%,721,84.60%,39.30%
1254,Census Tract 5068.04,136,8.80%,38.20%,33.80%,19.10%,"2,482",1.70%,1.90%,10.60%,18.80%,9.00%,36.20%,21.80%,96.40%,58.00%,199,100.00%,48.20%,645,96.40%,77.70%,"1,043",98.90%,58.80%,595,90.60%,38.70%
1260,Census Tract 5069,249,26.50%,14.50%,48.20%,10.80%,"5,149",0.90%,3.20%,9.80%,14.50%,8.50%,39.10%,24.00%,95.90%,63.10%,503,100.00%,64.00%,"1,372",100.00%,87.30%,"1,890",92.60%,59.00%,"1,384",94.80%,44.30%
1266,Census Tract 5070.01,226,0.00%,18.10%,75.70%,6.20%,"5,266",1.80%,1.30%,6.30%,14.30%,9.60%,36.50%,30.30%,96.90%,66.80%,587,100.00%,63.50%,950,100.00%,77.60%,"2,283",98.90%,71.90%,"1,446",90.50%,52.90%
1272,Census Tract 5070.02,90,0.00%,45.60%,41.10%,13.30%,"1,967",0.00%,0.60%,4.00%,14.80%,4.30%,43.10%,33.30%,99.40%,76.40%,269,100.00%,75.80%,364,100.00%,72.50%,961,100.00%,80.70%,373,97.10%,69.40%
1278,Census Tract 5071,225,0.00%,15.60%,42.70%,41.80%,"1,708",0.00%,0.70%,10.40%,21.40%,7.30%,40.30%,19.80%,99.30%,60.10%,403,100.00%,60.30%,279,100.00%,63.40%,786,100.00%,61.10%,240,95.00%,52.90%
1284,Census Tract 5072.03,84,0.00%,54.80%,22.60%,22.60%,"1,452",0.70%,2.10%,7.40%,18.70%,7.70%,29.60%,33.80%,97.20%,63.40%,176,100.00%,44.30%,498,100.00%,73.30%,502,92.00%,52.60%,276,100.00%,77.50%
1290,Census Tract 5072.05,139,7.20%,7.90%,57.60%,27.30%,"3,441",0.50%,0.50%,7.40%,17.50%,10.20%,38.00%,26.00%,99.00%,63.90%,343,100.00%,74.10%,794,99.10%,60.50%,"1,359",100.00%,66.70%,945,97.10%,59.30%
1296,Census Tract 5072.06,95,18.90%,47.40%,11.60%,22.10%,"1,881",0.60%,0.50%,8.60%,12.40%,5.90%,36.70%,35.20%,98.90%,72.00%,130,100.00%,55.40%,431,100.00%,80.50%,873,100.00%,70.30%,447,95.30%,71.80%
1302,Census Tract 5073.01,255,16.90%,10.60%,45.50%,27.10%,"4,982",1.00%,1.60%,5.00%,12.30%,4.90%,34.00%,41.10%,97.30%,75.10%,361,100.00%,66.20%,693,100.00%,89.20%,"2,236",100.00%,83.20%,"1,692",92.10%,60.60%
1308,Census Tract 5073.02,111,9.90%,4.50%,38.70%,46.80%,"1,758",0.00%,0.00%,9.70%,6.30%,3.30%,44.70%,35.90%,100.00%,80.70%,31,100.00%,74.20%,363,100.00%,96.70%,831,100.00%,82.90%,533,100.00%,66.60%
1314,Census Tract 5074.01,262,11.10%,37.40%,28.20%,23.30%,"3,756",1.10%,2.20%,3.50%,10.00%,3.40%,36.40%,43.40%,96.70%,79.80%,236,100.00%,71.60%,782,97.70%,92.50%,"1,699",99.00%,86.90%,"1,039",91.30%,60.60%
1320,Census Tract 5074.02,176,18.80%,22.70%,51.10%,7.40%,"2,592",1.10%,1.60%,7.20%,10.90%,9.20%,30.00%,40.00%,97.30%,70.00%,137,100.00%,73.00%,575,100.00%,80.90%,"1,275",98.20%,74.10%,605,92.20%,50.20%
1326,Census Tract 5075,225,24.00%,17.80%,42.70%,15.60%,"3,988",0.80%,0.50%,7.10%,8.90%,5.30%,36.30%,41.10%,98.80%,77.40%,205,100.00%,81.00%,906,100.00%,82.80%,"1,945",100.00%,81.20%,932,94.80%,63.60%
1332,Census Tract 5076,280,33.20%,9.30%,43.60%,13.90%,"3,949",1.20%,1.40%,2.70%,10.40%,4.50%,35.40%,44.30%,97.40%,79.70%,231,100.00%,85.70%,605,100.00%,89.10%,"2,111",97.90%,81.10%,"1,002",94.00%,70.00%
1338,Census Tract 5077.01,183,5.50%,28.40%,23.00%,43.20%,"2,708",1.00%,0.80%,5.80%,10.00%,6.60%,34.70%,41.00%,98.20%,75.70%,248,100.00%,62.10%,672,100.00%,92.70%,"1,369",100.00%,76.80%,419,88.10%,53.00%
1344,Census Tract 5077.02,314,0.00%,28.30%,36.60%,35.00%,"4,432",0.30%,0.80%,3.80%,6.70%,5.50%,28.70%,54.10%,98.90%,82.80%,499,100.00%,76.80%,908,100.00%,98.60%,"2,152",100.00%,83.40%,873,94.30%,68.40%
1350,Census Tract 5077.03,344,0.00%,31.40%,49.40%,19.20%,"4,669",0.40%,1.00%,6.10%,9.90%,5.30%,37.70%,39.60%,98.50%,77.30%,462,100.00%,66.90%,"1,068",100.00%,85.80%,"2,202",99.50%,80.90%,937,93.60%,64.20%
1356,Census Tract 5078.05,327,9.50%,22.60%,56.00%,11.90%,"3,111",1.30%,2.00%,8.40%,13.90%,7.70%,31.50%,35.30%,96.70%,66.80%,806,98.60%,69.10%,798,95.70%,78.10%,"1,011",95.70%,63.30%,496,97.00%,52.00%
1362,Census Tract 5078.06,235,6.80%,36.60%,45.50%,11.10%,"3,597",2.30%,1.40%,8.80%,6.20%,3.80%,40.60%,36.80%,96.30%,77.40%,688,100.00%,88.50%,"1,275",96.90%,86.80%,"1,232",96.30%,73.80%,402,87.60%,39.80%
1368,Census Tract 5078.07,178,5.10%,21.30%,46.60%,27.00%,"2,220",2.30%,0.50%,6.70%,9.10%,7.50%,36.50%,37.30%,97.20%,73.90%,218,100.00%,65.60%,630,100.00%,83.30%,989,97.50%,73.40%,383,90.10%,64.20%
1374,Census Tract 5078.08,287,5.20%,25.80%,29.30%,39.70%,"3,513",0.30%,1.60%,6.70%,9.80%,6.60%,31.40%,43.70%,98.20%,75.10%,354,95.50%,59.90%,"1,034",100.00%,91.50%,"1,656",98.10%,76.60%,469,96.40%,45.20%
1380,Census Tract 5079.03,259,0.00%,42.10%,14.30%,43.60%,"3,290",2.50%,2.20%,8.00%,6.60%,4.10%,32.20%,44.50%,95.30%,76.70%,289,100.00%,82.00%,772,100.00%,91.20%,"1,558",95.10%,79.00%,671,88.50%,52.20%
1386,Census Tract 5079.04,182,5.50%,23.60%,43.40%,27.50%,"2,425",0.30%,1.40%,7.70%,7.50%,2.30%,39.00%,41.90%,98.40%,80.90%,126,100.00%,65.10%,607,100.00%,96.20%,"1,174",98.80%,83.90%,518,95.00%,59.80%
1392,Census Tract 5079.05,582,10.70%,22.30%,41.40%,25.60%,"3,835",2.80%,3.20%,7.10%,16.70%,4.90%,27.10%,38.20%,94.00%,65.30%,700,100.00%,64.90%,"1,175",97.50%,77.90%,"1,619",95.60%,64.90%,341,62.20%,24.60%
1398,Census Tract 5079.06,244,4.50%,23.80%,34.80%,36.90%,"3,010",0.70%,1.70%,8.20%,15.30%,5.50%,30.70%,37.90%,97.60%,68.60%,266,94.40%,62.80%,798,100.00%,77.30%,"1,407",99.20%,77.30%,539,91.50%,35.80%
1404,Census Tract 5080.01,243,17.70%,32.90%,44.40%,4.90%,"5,143",0.80%,2.90%,6.00%,9.10%,4.40%,34.60%,42.20%,96.30%,76.80%,813,97.00%,87.20%,"1,535",98.50%,88.90%,"1,856",95.70%,78.50%,939,93.00%,44.40%
1410,Census Tract 5080.03,192,0.50%,18.20%,63.00%,18.20%,"1,551",0.00%,3.90%,9.80%,12.10%,3.20%,37.80%,33.30%,96.10%,71.10%,398,100.00%,78.40%,369,85.40%,63.10%,578,100.00%,70.40%,206,96.60%,72.80%
1416,Census Tract 5080.04,327,15.60%,20.50%,55.70%,8.30%,"4,048",2.20%,1.90%,10.20%,10.20%,8.80%,36.20%,30.50%,95.90%,66.70%,"1,029",100.00%,86.50%,"1,016",100.00%,81.90%,"1,511",94.60%,53.70%,492,82.70%,33.30%
1422,Census Tract 5081.01,218,28.00%,28.90%,43.10%,0.00%,"4,535",1.50%,3.10%,5.60%,11.00%,7.20%,40.10%,31.50%,95.40%,71.60%,646,100.00%,94.90%,"1,453",100.00%,87.70%,"1,575",93.70%,58.90%,861,87.50%,50.40%
1428,Census Tract 5081.02,112,0.00%,11.60%,47.30%,41.10%,"2,099",0.00%,1.00%,5.20%,7.70%,9.60%,39.90%,36.60%,99.00%,76.50%,598,98.50%,74.70%,557,98.00%,88.70%,621,100.00%,87.80%,323,100.00%,37.20%
1434,Census Tract 5082.02,303,0.00%,37.60%,36.60%,25.70%,"5,360",4.00%,2.00%,15.20%,14.60%,5.60%,29.10%,29.50%,94.00%,58.60%,"1,072",100.00%,55.80%,"1,476",92.30%,69.20%,"1,765",95.80%,57.60%,"1,047",87.20%,48.00%
1440,Census Tract 5082.03,222,22.10%,13.10%,41.00%,23.90%,"3,428",2.30%,5.00%,7.00%,10.60%,6.20%,36.50%,32.40%,92.70%,68.90%,450,100.00%,78.20%,"1,167",89.30%,77.80%,"1,177",94.80%,68.00%,634,90.10%,47.60%
1446,Census Tract 5082.04,141,0.00%,14.90%,56.70%,28.40%,"2,944",2.90%,1.90%,12.40%,11.00%,7.80%,32.40%,31.70%,95.20%,64.10%,651,100.00%,75.30%,795,91.60%,81.00%,"1,032",97.50%,60.50%,466,89.50%,27.50%
1452,Census Tract 5083.01,160,15.60%,37.50%,20.00%,26.90%,"3,036",0.00%,0.90%,10.40%,10.10%,7.30%,37.30%,34.00%,99.10%,71.30%,117,100.00%,90.60%,738,100.00%,79.90%,"1,486",98.90%,73.20%,695,98.70%,54.80%
1458,Census Tract 5083.03,45,31.10%,55.60%,0.00%,13.30%,"1,739",0.40%,1.60%,11.60%,14.10%,2.70%,32.80%,36.70%,98.00%,69.60%,166,100.00%,72.90%,298,100.00%,86.20%,730,99.00%,71.00%,545,95.00%,57.60%
1464,Census Tract 5083.04,444,14.00%,20.00%,63.30%,2.70%,"4,976",5.20%,2.60%,14.30%,16.90%,8.10%,25.20%,27.70%,92.20%,52.90%,"1,133",91.00%,64.70%,"1,195",85.60%,54.10%,"2,010",96.60%,49.60%,638,92.60%,40.00%
1470,Census Tract 5084.01,220,10.50%,0.00%,53.60%,35.90%,"4,467",2.50%,3.00%,10.50%,14.00%,9.00%,38.00%,23.00%,94.40%,61.00%,602,89.40%,64.50%,"1,229",100.00%,82.30%,"1,612",97.50%,62.80%,"1,024",86.00%,30.40%
1476,Census Tract 5084.03,110,18.20%,11.80%,42.70%,27.30%,"1,839",0.70%,0.00%,6.90%,8.00%,7.30%,33.60%,43.60%,99.30%,77.10%,146,100.00%,100.00%,557,100.00%,84.20%,688,100.00%,79.40%,448,97.10%,57.40%
1482,Census Tract 5084.04,320,8.40%,31.30%,41.90%,18.40%,"4,394",2.40%,2.30%,10.50%,12.40%,7.50%,33.80%,31.20%,95.30%,64.90%,767,95.80%,59.60%,"1,235",97.70%,77.70%,"1,563",95.00%,68.70%,829,92.00%,43.80%
1488,Census Tract 5085.03,423,4.30%,13.90%,31.20%,50.60%,"4,566",2.50%,0.50%,8.90%,13.60%,3.80%,35.60%,35.00%,96.90%,70.60%,"1,409",98.90%,78.90%,"1,097",100.00%,93.70%,"1,219",100.00%,58.30%,841,85.10%,44.40%
1494,Census Tract 5085.04,512,6.80%,29.30%,31.80%,32.00%,"5,604",3.70%,2.90%,10.20%,14.80%,1.80%,33.40%,33.30%,93.40%,66.70%,"3,022",96.50%,77.60%,834,94.00%,67.50%,"1,268",91.10%,52.20%,480,79.00%,35.00%
1500,Census Tract 5085.05,174,5.20%,29.30%,43.70%,21.80%,"3,628",1.90%,1.20%,7.00%,11.20%,8.90%,41.50%,28.30%,96.90%,69.80%,912,100.00%,73.90%,864,97.00%,87.70%,"1,219",95.60%,57.80%,633,95.10%,62.70%
1506,Census Tract 5085.07,135,5.20%,11.10%,37.80%,45.90%,"2,442",7.90%,3.30%,2.40%,5.90%,7.20%,39.10%,34.10%,88.80%,73.20%,"1,076",95.00%,85.50%,670,87.00%,76.30%,606,78.10%,43.90%,90,100.00%,100.00%
1512,Census Tract 5085.08,183,0.00%,22.40%,56.30%,21.30%,"3,541",8.70%,4.50%,12.90%,16.00%,6.50%,21.30%,30.20%,86.80%,51.40%,"1,028",91.10%,74.20%,"1,043",88.50%,48.70%,950,84.20%,39.50%,520,79.60%,33.70%
1518,Census Tract 5086.01,201,0.00%,15.40%,53.20%,31.30%,"2,628",3.10%,4.80%,11.90%,18.90%,11.90%,24.80%,24.50%,92.00%,49.30%,546,90.70%,57.00%,726,98.80%,54.50%,"1,001",95.10%,48.90%,355,71.80%,28.20%
1524,Census Tract 5086.02,212,13.70%,22.20%,60.40%,3.80%,"2,812",5.70%,4.20%,8.50%,19.50%,7.70%,26.50%,27.90%,90.10%,54.40%,734,98.50%,75.30%,844,100.00%,72.00%,737,83.00%,38.90%,497,71.40%,16.70%
1530,Census Tract 5087.03,527,4.90%,32.60%,45.00%,17.50%,"5,386",5.40%,4.70%,7.20%,16.10%,8.30%,31.60%,26.80%,90.00%,58.40%,"2,171",91.70%,67.10%,"1,211",90.70%,61.30%,"1,465",91.00%,53.10%,539,78.50%,31.70%
1536,Census Tract 5087.04,330,18.20%,22.10%,39.40%,20.30%,"3,627",3.30%,3.60%,9.10%,15.00%,6.50%,33.00%,29.60%,93.20%,62.60%,"1,973",96.10%,75.40%,619,89.00%,64.30%,841,89.10%,38.90%,194,94.30%,29.40%
1542,Census Tract 5088,335,7.50%,14.00%,37.60%,40.90%,"2,377",8.20%,9.40%,15.30%,22.30%,3.30%,19.40%,22.10%,82.30%,41.50%,756,91.50%,63.50%,817,75.90%,39.30%,668,85.20%,23.40%,136,55.90%,22.10%
1548,Census Tract 5089,578,27.50%,32.20%,32.70%,7.60%,"3,276",12.00%,7.50%,19.40%,20.00%,5.20%,24.60%,11.30%,80.50%,35.90%,946,73.90%,34.00%,777,85.30%,42.20%,"1,191",86.70%,38.00%,362,66.90%,20.40%
1554,Census Tract 5090,832,33.10%,35.90%,26.70%,4.30%,"5,056",13.00%,6.80%,21.20%,21.00%,5.40%,23.40%,9.00%,80.10%,32.50%,"1,512",67.50%,30.80%,"1,171",87.80%,34.80%,"1,850",86.30%,35.50%,523,77.60%,21.20%
1560,Census Tract 5091.02,307,18.20%,10.70%,61.60%,9.40%,"3,827",2.60%,0.40%,9.40%,12.40%,6.80%,31.60%,36.80%,97.00%,68.30%,"1,723",97.00%,85.50%,741,93.50%,76.40%,"1,036",98.60%,51.40%,327,100.00%,13.50%
1566,Census Tract 5091.05,635,10.40%,20.60%,45.50%,23.50%,"4,833",6.00%,5.50%,7.90%,14.80%,3.80%,31.30%,30.60%,88.50%,61.90%,"1,541",85.20%,70.50%,"1,141",86.90%,64.30%,"1,498",93.90%,57.30%,653,86.50%,48.20%
1572,Census Tract 5091.06,241,0.00%,24.50%,53.50%,22.00%,"3,012",2.10%,5.80%,13.00%,11.10%,3.20%,33.10%,31.60%,92.00%,64.70%,960,93.90%,75.90%,678,88.20%,60.90%,974,98.80%,64.00%,400,77.80%,46.00%
1578,Census Tract 5091.07,359,3.30%,7.20%,16.70%,72.70%,"3,246",9.70%,8.50%,10.60%,11.50%,1.30%,30.40%,28.10%,81.90%,58.40%,"1,743",85.30%,67.10%,739,86.90%,58.90%,591,68.40%,40.80%,173,72.30%,29.50%
1584,Census Tract 5091.08,212,5.20%,31.10%,48.10%,15.60%,"2,800",6.00%,4.70%,11.90%,23.10%,6.20%,21.30%,26.80%,89.30%,48.10%,969,91.40%,61.40%,895,95.40%,57.10%,789,86.30%,26.10%,147,53.70%,23.80%
1590,Census Tract 5091.09,158,15.20%,39.20%,38.00%,7.60%,"3,041",1.20%,3.20%,10.70%,11.50%,2.90%,34.70%,35.70%,95.50%,70.50%,"1,023",100.00%,86.50%,"1,002",92.80%,74.40%,832,93.90%,52.00%,184,92.90%,43.50%
1596,Census Tract 5092.01,199,0.00%,0.00%,48.70%,51.30%,"3,214",1.50%,4.10%,16.20%,13.80%,4.60%,29.50%,30.20%,94.40%,59.70%,"1,002",96.10%,79.70%,611,78.40%,57.60%,"1,252",99.20%,48.60%,349,100.00%,45.80%
1602,Census Tract 5092.02,408,3.70%,22.30%,34.10%,40.00%,"3,223",8.90%,2.40%,15.50%,15.60%,2.50%,32.20%,22.80%,88.70%,55.00%,759,93.40%,62.80%,908,90.50%,66.30%,921,91.50%,52.40%,635,76.50%,33.20%
1608,Census Tract 5093.02,111,3.60%,22.50%,41.40%,32.40%,"2,083",3.80%,3.20%,8.60%,14.10%,8.90%,29.10%,32.20%,92.90%,61.30%,429,90.00%,58.70%,413,95.20%,86.40%,775,99.40%,63.50%,466,83.00%,37.80%
1614,Census Tract 5093.03,259,5.00%,26.30%,59.10%,9.70%,"2,592",4.40%,1.70%,11.00%,15.90%,6.00%,32.30%,28.70%,93.90%,61.10%,682,100.00%,77.10%,500,97.60%,83.00%,616,91.20%,46.30%,794,88.50%,45.00%
1620,Census Tract 5093.04,248,22.20%,58.10%,6.50%,13.30%,"2,227",9.40%,6.40%,12.60%,13.60%,4.00%,31.40%,22.60%,84.20%,54.00%,"1,119",83.40%,57.80%,448,81.00%,58.00%,543,86.90%,39.20%,117,91.50%,70.90%
1626,Census Tract 5094.01,397,17.40%,2.00%,52.60%,28.00%,"2,153",2.20%,2.60%,9.50%,10.10%,11.10%,22.40%,42.10%,95.20%,64.50%,623,98.10%,75.30%,463,98.30%,83.40%,843,96.60%,48.20%,224,75.90%,56.70%
1632,Census Tract 5094.03,431,22.00%,34.60%,17.90%,25.50%,"3,250",6.00%,6.70%,12.80%,16.60%,9.10%,21.60%,27.20%,87.30%,48.80%,"1,617",89.20%,60.60%,785,82.00%,44.80%,607,84.20%,20.80%,241,100.00%,52.70%
1638,Census Tract 5094.04,489,30.30%,30.10%,16.20%,23.50%,"4,807",17.40%,5.80%,9.90%,8.70%,4.40%,22.10%,31.80%,76.80%,53.90%,"1,701",79.70%,52.20%,"1,221",71.20%,56.80%,"1,346",75.40%,53.90%,539,83.50%,52.50%
1644,Census Tract 5095,630,7.80%,27.90%,43.30%,21.00%,"4,013",5.90%,6.20%,17.70%,17.90%,5.80%,22.50%,23.90%,87.90%,46.40%,"1,471",91.20%,56.70%,932,87.10%,42.80%,"1,195",86.90%,44.70%,415,81.00%,23.10%
1650,Census Tract 5096,278,13.30%,4.30%,19.80%,62.60%,"1,935",2.40%,1.90%,5.80%,12.10%,5.50%,33.40%,39.00%,95.70%,72.40%,584,100.00%,81.50%,505,97.80%,80.40%,663,94.30%,72.50%,183,81.40%,20.20%
1656,Census Tract 5097,68,0.00%,54.40%,19.10%,26.50%,"2,234",2.50%,1.20%,13.10%,9.00%,6.30%,31.10%,36.90%,96.30%,68.00%,549,98.20%,77.00%,708,98.70%,75.40%,678,97.10%,65.90%,299,85.30%,38.50%
1662,Census Tract 5098.01,238,13.90%,18.50%,42.40%,25.20%,"3,535",3.10%,2.70%,7.10%,12.60%,7.90%,31.10%,35.60%,94.30%,66.70%,558,95.90%,86.00%,"1,091",100.00%,76.80%,"1,233",86.50%,64.80%,653,97.90%,36.80%
1668,Census Tract 5098.02,44,22.70%,18.20%,25.00%,34.10%,"1,977",4.00%,5.90%,15.10%,11.60%,4.10%,35.70%,23.50%,90.10%,59.20%,478,83.30%,59.40%,628,85.20%,71.80%,526,98.10%,62.70%,345,96.20%,30.40%
1674,Census Tract 5099.01,81,0.00%,28.40%,34.60%,37.00%,"1,856",2.50%,2.30%,15.60%,17.80%,6.40%,24.90%,30.40%,95.20%,55.30%,111,100.00%,89.20%,312,100.00%,83.30%,506,98.00%,63.20%,927,91.40%,37.50%
1680,Census Tract 5099.02,326,0.00%,17.50%,26.70%,55.80%,"3,367",3.10%,3.10%,12.40%,13.10%,7.50%,29.80%,31.10%,93.80%,60.80%,263,100.00%,65.00%,516,91.70%,82.20%,"1,439",99.90%,68.90%,"1,149",85.80%,40.20%
1686,Census Tract 5100.01,258,15.10%,28.70%,50.80%,5.40%,"4,208",1.00%,1.70%,8.10%,13.50%,3.60%,38.80%,33.30%,97.30%,72.10%,159,100.00%,24.50%,889,100.00%,94.80%,"1,986",98.50%,80.20%,"1,174",92.80%,47.40%
1692,Census Tract 5100.02,68,19.10%,0.00%,70.60%,10.30%,"2,499",0.10%,0.80%,7.10%,5.60%,5.00%,42.20%,39.30%,99.20%,81.50%,136,100.00%,71.30%,627,100.00%,90.60%,"1,229",100.00%,86.80%,507,95.90%,60.00%
1698,Census Tract 5101,69,15.90%,33.30%,43.50%,7.20%,"2,153",0.10%,0.60%,4.10%,8.20%,3.40%,35.80%,47.80%,99.30%,83.60%,41,100.00%,100.00%,549,100.00%,91.40%,941,98.50%,86.10%,622,100.00%,71.90%
1704,Census Tract 5102,88,0.00%,30.70%,36.40%,33.00%,"2,774",0.00%,0.00%,3.40%,10.90%,4.30%,26.30%,55.00%,100.00%,81.30%,167,100.00%,69.50%,604,100.00%,96.50%,"1,333",100.00%,86.00%,670,100.00%,61.20%
1710,Census Tract 5103,147,0.00%,61.20%,14.30%,24.50%,"2,803",0.70%,0.30%,5.00%,9.90%,2.40%,39.50%,42.30%,99.00%,81.80%,191,100.00%,82.70%,715,100.00%,97.50%,"1,177",100.00%,79.90%,720,96.30%,69.00%
1716,Census Tract 5104,108,34.30%,17.60%,25.00%,23.10%,"2,249",1.80%,1.20%,6.00%,11.30%,4.10%,33.20%,42.40%,97.00%,75.60%,102,100.00%,80.40%,569,97.50%,84.20%,976,98.70%,78.00%,602,93.40%,62.80%
1722,Census Tract 5105,95,11.60%,0.00%,50.50%,37.90%,"3,088",0.00%,1.50%,7.60%,13.00%,4.20%,30.80%,43.00%,98.50%,73.70%,118,100.00%,84.70%,490,100.00%,78.80%,"1,498",98.60%,84.20%,982,97.60%,53.90%
1728,Census Tract 5106,502,0.00%,30.70%,54.20%,15.10%,"4,143",6.30%,0.30%,11.20%,7.40%,3.30%,27.80%,43.70%,93.40%,71.50%,507,100.00%,57.60%,713,97.20%,83.30%,"1,933",90.70%,76.60%,990,92.40%,60.10%
1734,Census Tract 5107,343,16.60%,21.90%,24.80%,36.70%,"2,857",0.00%,3.40%,8.20%,9.80%,5.50%,27.20%,45.90%,96.60%,73.20%,635,100.00%,92.90%,725,100.00%,81.00%,"1,037",95.80%,60.60%,460,88.70%,62.00%
1740,Census Tract 5108.01,160,0.00%,26.30%,28.10%,45.60%,"3,439",0.30%,1.30%,3.00%,10.10%,3.30%,34.40%,47.70%,98.40%,82.10%,442,100.00%,81.90%,724,97.10%,90.60%,"1,368",100.00%,89.70%,905,96.10%,63.80%
1746,Census Tract 5108.02,62,19.40%,35.50%,27.40%,17.70%,"1,330",0.00%,3.60%,5.50%,14.10%,4.60%,19.20%,53.00%,96.40%,72.20%,75,100.00%,76.00%,351,100.00%,92.90%,514,93.40%,69.30%,390,96.40%,56.70%
1752,Census Tract 5108.03,119,6.70%,9.20%,69.70%,14.30%,"1,860",2.50%,0.90%,7.20%,6.00%,3.00%,39.80%,40.50%,96.60%,80.30%,161,100.00%,100.00%,544,100.00%,91.00%,668,99.40%,80.40%,487,87.70%,61.80%
1758,Census Tract 5109,182,0.00%,11.50%,78.00%,10.40%,"3,608",1.20%,1.40%,5.10%,15.60%,3.90%,26.00%,46.80%,97.40%,72.80%,552,100.00%,76.80%,850,97.90%,82.60%,"1,505",97.30%,73.80%,701,94.90%,55.80%
1764,Census Tract 5110,294,0.00%,24.10%,48.60%,27.20%,"4,066",1.80%,1.40%,6.30%,12.90%,5.40%,25.30%,46.80%,96.70%,72.10%,762,95.40%,66.40%,"1,049",100.00%,83.80%,"1,640",96.00%,74.00%,615,94.80%,54.00%
1770,Census Tract 5111,111,27.90%,13.50%,31.50%,27.00%,"3,922",0.00%,0.20%,2.70%,6.90%,2.70%,40.20%,47.40%,99.80%,87.60%,712,100.00%,83.60%,741,100.00%,91.10%,"1,629",99.60%,92.30%,840,100.00%,78.70%
1776,Census Tract 5112,325,4.60%,17.80%,37.80%,39.70%,"3,404",0.30%,0.30%,1.60%,7.40%,4.40%,33.60%,52.40%,99.40%,86.00%,361,100.00%,88.40%,777,100.00%,88.40%,"1,575",100.00%,91.20%,691,97.30%,70.20%
1782,Census Tract 5113.01,200,5.00%,8.50%,12.00%,74.50%,"2,752",1.80%,0.90%,7.20%,7.60%,1.90%,22.40%,58.10%,97.30%,80.50%,388,100.00%,94.80%,633,100.00%,85.80%,905,97.70%,85.20%,826,93.50%,64.60%
1788,Census Tract 5113.02,283,3.90%,6.00%,14.10%,76.00%,"3,298",0.20%,0.40%,7.60%,5.70%,1.40%,42.20%,42.40%,99.30%,84.60%,949,100.00%,94.10%,671,100.00%,98.20%,762,98.00%,85.40%,916,99.20%,64.10%
1794,Census Tract 5114,226,3.50%,0.00%,55.80%,40.70%,"2,431",1.60%,0.50%,3.40%,6.40%,2.90%,30.50%,54.80%,97.90%,85.30%,315,96.20%,79.40%,391,95.10%,84.10%,"1,230",98.50%,93.40%,495,100.00%,69.70%
1800,Census Tract 5115,933,1.60%,13.80%,61.20%,23.40%,"4,531",0.00%,0.70%,2.40%,9.90%,2.40%,21.70%,62.90%,99.30%,84.70%,"1,030",100.00%,79.20%,937,98.80%,89.20%,"1,534",98.80%,83.50%,"1,030",100.00%,87.70%
1806,Census Tract 5116.08,"3,389",0.00%,23.80%,71.80%,4.40%,322,3.70%,0.00%,13.70%,11.50%,3.10%,23.00%,45.00%,96.30%,68.00%,261,100.00%,72.80%,36,100.00%,44.40%,25,52.00%,52.00%,0,-,-
1812,Census Tract 5116.09,111,0.00%,0.00%,64.90%,35.10%,"2,539",0.00%,0.90%,3.70%,4.40%,1.10%,31.50%,58.40%,99.10%,89.90%,793,100.00%,95.20%,468,100.00%,95.70%,480,100.00%,82.90%,798,97.20%,85.50%
1818,Census Tract 5117.01,257,0.00%,31.10%,42.40%,26.50%,"2,882",0.40%,0.00%,4.30%,7.20%,2.30%,32.10%,53.60%,99.60%,85.70%,166,100.00%,100.00%,381,100.00%,100.00%,"1,453",100.00%,84.20%,882,98.60%,79.30%
1824,Census Tract 5117.02,160,8.10%,15.60%,66.90%,9.40%,"1,947",0.00%,2.20%,5.80%,9.90%,4.70%,32.40%,45.00%,97.80%,77.40%,203,100.00%,65.50%,337,100.00%,93.80%,942,100.00%,85.20%,465,90.80%,54.80%
1830,Census Tract 5117.04,188,17.00%,13.80%,46.30%,22.90%,"3,326",1.30%,0.70%,5.70%,10.70%,2.90%,31.00%,47.70%,98.00%,78.70%,158,100.00%,100.00%,481,95.40%,74.00%,"1,838",98.30%,83.60%,849,98.70%,66.80%
1836,Census Tract 5117.05,0,-,-,-,-,795,0.00%,0.00%,5.90%,6.00%,6.30%,29.30%,52.50%,100.00%,81.80%,74,100.00%,77.00%,111,100.00%,100.00%,328,100.00%,75.30%,282,100.00%,83.30%
1842,Census Tract 5117.07,108,9.30%,14.80%,74.10%,1.90%,"2,028",2.00%,2.60%,3.90%,13.50%,8.10%,31.40%,38.50%,95.40%,69.90%,155,86.50%,56.10%,255,83.50%,69.00%,889,96.60%,76.40%,729,100.00%,65.20%
1848,Census Tract 5118,274,4.70%,52.20%,27.40%,15.70%,"2,846",2.00%,0.90%,9.00%,22.60%,8.10%,30.40%,27.00%,97.00%,57.30%,283,100.00%,65.40%,539,97.20%,65.10%,"1,618",96.40%,55.70%,406,97.30%,47.50%
1854,Census Tract 5119.05,92,0.00%,26.10%,60.90%,13.00%,"2,119",0.80%,0.40%,13.00%,19.30%,4.50%,29.00%,33.00%,98.80%,62.00%,254,100.00%,27.60%,524,100.00%,74.00%,840,98.90%,62.50%,501,96.80%,66.10%
1860,Census Tract 5119.07,257,9.70%,24.10%,49.40%,16.70%,"2,666",3.00%,1.50%,4.80%,12.90%,7.30%,42.20%,28.40%,95.50%,70.60%,164,100.00%,96.30%,684,100.00%,85.20%,"1,179",95.30%,70.60%,639,90.00%,48.20%
1866,Census Tract 5119.09,515,20.80%,22.30%,38.10%,18.80%,"5,748",2.10%,1.90%,9.30%,9.80%,8.70%,34.00%,34.30%,96.00%,68.30%,562,100.00%,75.10%,"1,353",100.00%,75.80%,"3,040",96.60%,69.00%,793,84.10%,47.90%
1872,Census Tract 5119.10,166,1.80%,30.70%,55.40%,12.00%,"2,084",0.20%,0.90%,8.60%,19.80%,5.30%,36.60%,28.70%,98.90%,65.30%,152,100.00%,73.00%,468,100.00%,73.90%,930,99.60%,60.60%,534,96.60%,63.50%
1878,Census Tract 5119.11,364,2.20%,23.10%,59.10%,15.70%,"3,236",4.20%,2.80%,14.10%,26.80%,5.70%,28.50%,17.90%,93.00%,46.40%,455,97.10%,48.60%,658,98.80%,41.50%,"1,499",96.60%,53.20%,624,75.20%,33.30%
1884,Census Tract 5119.12,414,0.00%,26.60%,45.40%,28.00%,"3,610",5.70%,3.40%,10.70%,9.10%,7.70%,30.40%,33.00%,91.00%,63.40%,355,96.90%,62.30%,819,100.00%,79.50%,"1,678",94.40%,62.50%,758,70.80%,48.50%
1890,Census Tract 5119.13,310,14.50%,25.80%,59.70%,0.00%,"3,001",3.20%,1.10%,12.70%,17.30%,8.80%,31.60%,25.40%,95.70%,56.90%,251,100.00%,64.50%,678,98.20%,75.80%,"1,466",98.60%,54.40%,606,84.00%,38.90%
1896,Census Tract 5119.14,280,3.60%,7.90%,69.30%,19.30%,"4,116",0.60%,0.60%,12.90%,18.40%,9.20%,32.50%,25.80%,98.90%,58.30%,329,96.40%,58.40%,973,98.80%,71.90%,"1,937",100.00%,61.50%,877,97.50%,35.90%
1902,Census Tract 5119.15,267,78.70%,10.50%,10.90%,0.00%,"2,295",14.60%,11.30%,32.80%,16.40%,3.80%,13.30%,7.70%,74.10%,21.00%,790,66.10%,22.50%,597,79.70%,31.20%,522,87.70%,18.60%,386,63.20%,5.70%
1908,Census Tract 5119.16,96,0.00%,37.50%,29.20%,33.30%,"3,095",2.50%,3.00%,12.70%,23.30%,8.00%,33.30%,17.20%,94.50%,50.50%,461,95.70%,57.30%,809,96.90%,57.10%,"1,299",94.50%,47.30%,526,89.70%,42.00%
1914,Census Tract 5120.01,314,2.90%,7.30%,44.60%,45.20%,"4,248",3.60%,5.50%,9.20%,21.70%,10.20%,31.60%,18.30%,91.00%,49.80%,954,97.80%,58.80%,"1,435",90.00%,46.60%,"1,488",91.60%,50.50%,371,74.40%,36.90%
1920,Census Tract 5120.05,498,12.20%,39.40%,39.20%,9.20%,"4,509",3.00%,2.90%,18.60%,23.30%,8.30%,30.90%,12.90%,94.00%,43.80%,703,91.30%,45.70%,"1,023",94.20%,42.20%,"2,095",96.80%,46.10%,688,88.10%,37.20%
1926,Census Tract 5120.17,"1,175",17.30%,34.30%,39.40%,9.00%,"5,062",5.30%,14.60%,29.40%,18.00%,7.00%,15.70%,10.10%,80.10%,25.80%,936,90.30%,38.50%,"1,538",72.80%,17.00%,"1,813",84.20%,25.30%,775,72.90%,29.00%
1932,Census Tract 5120.19,424,33.70%,22.60%,31.40%,12.30%,"3,099",4.80%,6.10%,16.30%,29.20%,8.20%,25.70%,9.70%,89.10%,35.40%,839,87.60%,35.20%,838,94.60%,42.80%,"1,073",89.70%,31.90%,349,77.90%,28.90%
1938,Census Tract 5120.20,"1,197",8.40%,24.00%,54.00%,13.70%,"4,404",2.00%,6.50%,22.50%,31.40%,8.40%,20.90%,8.40%,91.50%,29.20%,"2,146",95.80%,32.30%,865,99.00%,27.40%,"1,157",86.30%,28.30%,236,51.30%,12.70%
1944,Census Tract 5120.21,545,8.60%,43.10%,30.30%,18.00%,"4,194",8.20%,2.60%,22.20%,17.20%,10.00%,22.90%,16.90%,89.20%,39.80%,863,100.00%,42.80%,935,84.20%,46.70%,"1,914",89.50%,38.40%,482,78.40%,26.30%
1950,Census Tract 5120.22,672,35.00%,21.70%,33.50%,9.80%,"3,547",10.30%,9.80%,34.90%,20.60%,6.60%,12.00%,5.70%,79.80%,17.70%,919,71.70%,12.70%,756,94.00%,17.70%,"1,377",79.70%,17.70%,495,73.50%,26.70%
1956,Census Tract 5120.23,546,15.90%,26.70%,56.00%,1.30%,"3,417",11.30%,10.70%,18.60%,20.20%,12.30%,18.00%,9.00%,78.10%,27.00%,"1,063",80.40%,38.20%,"1,028",77.60%,24.30%,"1,127",82.30%,23.80%,199,43.70%,0.00%
1962,Census Tract 5120.24,270,7.40%,12.20%,75.20%,5.20%,"3,130",2.10%,4.80%,28.60%,23.70%,7.30%,28.30%,5.20%,93.10%,33.50%,879,95.80%,33.90%,765,91.00%,44.40%,"1,131",94.30%,27.20%,355,86.80%,29.00%
1968,Census Tract 5120.25,294,14.30%,41.20%,44.60%,0.00%,"2,200",1.00%,0.60%,19.50%,21.20%,14.00%,31.00%,12.60%,98.50%,43.60%,324,100.00%,52.50%,652,100.00%,52.60%,834,98.70%,35.10%,390,94.10%,39.50%
1974,Census Tract 5120.26,175,0.00%,31.40%,68.60%,0.00%,"2,760",8.00%,5.10%,19.90%,26.60%,10.70%,17.90%,11.70%,86.90%,29.60%,831,93.00%,40.40%,641,87.10%,26.40%,925,92.40%,29.20%,363,58.40%,11.80%
1980,Census Tract 5120.27,305,0.00%,37.40%,43.30%,19.30%,"2,872",6.40%,8.90%,29.70%,22.90%,8.50%,17.20%,6.50%,84.70%,23.70%,632,95.30%,20.70%,654,94.00%,26.90%,973,81.00%,22.80%,613,70.00%,24.60%
1986,Census Tract 5120.29,809,33.40%,21.90%,40.00%,4.70%,"4,592",6.30%,6.90%,18.90%,22.60%,10.00%,27.50%,7.80%,86.90%,35.40%,958,89.10%,57.50%,"1,061",84.10%,33.70%,"2,057",89.90%,31.30%,516,76.20%,13.80%
1992,Census Tract 5120.30,242,7.90%,34.30%,50.00%,7.90%,"1,732",4.40%,3.50%,12.60%,14.40%,6.90%,38.20%,20.00%,92.10%,58.20%,201,80.10%,44.30%,448,99.10%,68.30%,836,95.30%,61.50%,247,78.50%,40.10%
1998,Census Tract 5120.31,426,0.00%,37.60%,59.20%,3.30%,"2,878",0.60%,2.50%,25.60%,22.30%,9.40%,26.10%,13.50%,96.90%,39.60%,621,100.00%,42.40%,703,97.70%,42.40%,"1,161",98.10%,43.90%,393,87.00%,17.60%
2004,Census Tract 5120.32,316,23.10%,30.40%,43.70%,2.80%,"2,382",6.80%,8.20%,21.00%,23.30%,7.80%,21.20%,11.70%,85.00%,32.90%,525,89.10%,30.90%,666,85.00%,47.00%,953,82.70%,23.30%,238,85.30%,36.60%
2010,Census Tract 5120.33,572,20.60%,34.60%,42.80%,1.90%,"4,006",2.10%,7.70%,17.90%,19.20%,8.70%,29.50%,14.90%,90.20%,44.40%,744,94.90%,33.60%,"1,036",90.00%,61.80%,"1,791",89.50%,34.00%,435,85.70%,64.40%
2016,Census Tract 5120.34,253,0.00%,14.60%,72.70%,12.60%,"1,923",3.70%,4.70%,13.60%,18.70%,11.20%,36.50%,11.50%,91.50%,48.00%,378,97.60%,57.10%,560,92.50%,38.90%,815,89.80%,53.00%,170,82.90%,33.50%
2022,Census Tract 5120.35,348,22.10%,10.60%,46.30%,21.00%,"2,835",6.10%,3.40%,20.80%,22.60%,8.60%,28.70%,9.80%,90.50%,38.50%,592,96.30%,46.10%,536,96.80%,39.40%,"1,315",94.80%,40.30%,392,58.90%,19.60%
2028,Census Tract 5120.36,268,3.70%,36.90%,55.60%,3.70%,"3,150",1.60%,2.90%,14.60%,20.70%,8.30%,31.00%,21.00%,95.50%,52.00%,762,95.00%,56.30%,"1,193",97.90%,61.40%,889,95.60%,37.80%,306,86.90%,45.80%
2034,Census Tract 5120.37,148,22.30%,23.60%,54.10%,0.00%,"1,908",1.20%,4.00%,23.90%,28.80%,4.80%,29.40%,7.90%,94.80%,37.30%,347,100.00%,35.70%,562,95.40%,50.50%,881,94.20%,32.70%,118,81.40%,13.60%
2040,Census Tract 5120.38,184,0.00%,0.00%,84.20%,15.80%,"1,928",1.90%,6.70%,29.90%,22.40%,5.10%,23.90%,10.10%,91.30%,33.90%,522,98.70%,53.30%,458,93.90%,31.20%,792,85.10%,23.40%,156,91.00%,30.80%
2046,Census Tract 5120.39,402,10.90%,28.10%,48.00%,12.90%,"3,303",7.30%,8.40%,19.60%,18.40%,11.00%,30.00%,5.20%,84.30%,35.20%,800,93.00%,39.10%,837,85.70%,26.30%,"1,242",84.60%,38.00%,424,63.90%,37.30%
2052,Census Tract 5120.42,379,45.10%,18.50%,34.30%,2.10%,"1,733",7.60%,16.00%,25.70%,22.40%,6.20%,16.40%,5.60%,76.40%,22.00%,479,93.10%,26.10%,267,76.40%,45.30%,711,76.20%,14.60%,276,47.80%,11.60%
2058,Census Tract 5120.43,800,21.60%,23.00%,52.40%,3.00%,"3,471",21.70%,18.50%,31.50%,18.80%,4.60%,4.30%,0.50%,59.80%,4.80%,"1,080",65.10%,3.70%,994,62.00%,7.70%,"1,027",62.70%,3.90%,370,30.50%,3.00%
2064,Census Tract 5120.45,529,20.20%,22.90%,53.50%,3.40%,"3,873",1.80%,9.10%,21.50%,24.70%,11.30%,22.60%,9.00%,89.10%,31.60%,717,83.40%,26.80%,888,89.90%,37.60%,"1,760",93.50%,34.10%,508,80.50%,18.70%
2070,Census Tract 5120.47,466,17.00%,39.50%,30.00%,13.50%,"3,990",3.10%,2.50%,29.60%,28.40%,7.40%,17.60%,11.40%,94.40%,29.00%,815,100.00%,29.30%,988,94.80%,31.00%,"1,552",94.80%,27.50%,635,85.40%,29.00%
2076,Census Tract 5120.52,359,29.80%,22.80%,47.40%,0.00%,"2,713",1.80%,4.40%,22.70%,26.90%,10.20%,21.20%,12.90%,93.80%,34.10%,703,98.00%,34.00%,749,91.50%,37.10%,861,97.80%,28.10%,400,82.30%,41.30%
2082,Census Tract 5120.53,599,6.80%,40.40%,47.90%,4.80%,"2,882",3.10%,6.70%,19.40%,28.90%,8.20%,26.80%,6.90%,90.10%,33.70%,571,91.60%,27.50%,704,84.50%,45.30%,"1,307",92.30%,28.60%,300,91.00%,40.30%
2088,Census Tract 5121,101,0.00%,0.00%,100.00%,0.00%,"1,135",9.30%,13.90%,19.30%,20.60%,10.70%,15.90%,10.20%,76.70%,26.10%,171,94.70%,24.60%,271,60.10%,3.70%,552,80.40%,40.80%,141,72.30%,13.50%
2094,Census Tract 5122,177,5.60%,20.30%,74.00%,0.00%,"3,220",4.30%,6.00%,14.20%,26.20%,11.00%,25.50%,12.80%,89.70%,38.30%,399,83.00%,18.00%,674,88.10%,34.30%,"1,563",90.00%,45.20%,584,95.00%,38.20%
2100,Census Tract 5123.05,233,3.40%,8.60%,68.20%,19.70%,"2,375",7.40%,3.70%,11.60%,18.70%,6.00%,34.00%,18.60%,88.90%,52.60%,447,76.30%,44.30%,276,88.40%,63.00%,"1,260",95.70%,58.70%,392,81.90%,35.20%
2106,Census Tract 5123.07,322,9.00%,25.80%,39.10%,26.10%,"3,778",2.60%,3.60%,17.80%,29.40%,8.20%,22.50%,15.90%,93.80%,38.40%,444,91.90%,31.30%,820,100.00%,41.30%,"1,480",94.50%,44.70%,"1,034",88.80%,30.10%
2112,Census Tract 5123.08,416,10.80%,34.90%,31.30%,23.10%,"4,248",3.70%,4.40%,10.40%,21.40%,7.30%,33.40%,19.60%,92.00%,53.00%,556,88.80%,38.10%,"1,195",91.30%,55.30%,"1,806",96.80%,58.50%,691,82.90%,46.30%
2118,Census Tract 5123.09,377,17.80%,19.10%,48.30%,14.90%,"2,992",4.20%,3.60%,12.60%,15.00%,12.80%,32.70%,19.00%,92.20%,51.70%,210,100.00%,78.60%,636,76.70%,57.10%,"1,649",96.30%,51.40%,497,95.00%,34.40%
2124,Census Tract 5123.10,461,25.80%,18.40%,35.40%,20.40%,"2,109",10.00%,17.70%,19.10%,25.40%,9.00%,14.60%,4.20%,72.30%,18.80%,496,77.60%,8.90%,600,83.30%,31.80%,698,62.50%,14.30%,315,64.80%,19.70%
2130,Census Tract 5123.11,264,24.20%,17.80%,41.70%,16.30%,"1,952",8.80%,14.50%,16.30%,20.40%,8.80%,21.00%,10.20%,76.70%,31.20%,412,90.30%,38.80%,482,91.70%,40.00%,822,57.40%,24.10%,236,89.40%,24.60%
2136,Census Tract 5123.12,332,0.00%,43.40%,39.50%,17.20%,"1,616",5.10%,1.80%,15.10%,18.50%,17.50%,23.80%,18.20%,93.10%,42.00%,212,100.00%,16.00%,547,100.00%,49.20%,709,90.40%,47.00%,148,70.30%,29.10%
2142,Census Tract 5123.13,271,38.70%,18.50%,42.80%,0.00%,"2,247",4.10%,15.90%,18.20%,24.70%,7.40%,20.10%,9.40%,79.90%,29.50%,504,67.30%,6.20%,532,81.00%,44.40%,871,89.20%,36.20%,340,73.20%,23.80%
2148,Census Tract 5123.14,830,32.20%,28.10%,34.50%,5.30%,"4,242",23.60%,10.30%,21.00%,18.90%,9.00%,11.30%,6.00%,66.10%,17.30%,"1,437",70.80%,14.80%,750,54.30%,14.50%,"1,491",66.90%,19.70%,564,67.90%,20.70%
2154,Census Tract 5124.01,489,34.80%,21.50%,42.10%,1.60%,"3,209",13.10%,11.20%,21.90%,18.40%,7.50%,21.10%,6.80%,75.80%,27.90%,405,94.30%,58.50%,714,67.50%,35.60%,"1,613",74.00%,19.80%,477,78.20%,18.00%
2160,Census Tract 5124.02,277,13.00%,35.70%,51.30%,0.00%,"3,486",11.60%,10.00%,15.20%,24.10%,8.20%,24.30%,6.50%,78.30%,30.80%,487,77.40%,43.30%,743,83.00%,41.50%,"1,535",80.50%,29.30%,721,69.50%,14.80%
2166,Census Tract 5125.03,621,1.60%,36.40%,53.30%,8.70%,"4,733",2.90%,3.00%,18.60%,26.90%,9.50%,30.30%,8.80%,94.10%,39.10%,693,95.40%,18.30%,"1,269",96.60%,39.40%,"2,297",93.10%,47.10%,474,90.50%,30.00%
2172,Census Tract 5125.05,646,9.30%,47.70%,38.70%,4.30%,"4,008",18.10%,13.60%,20.00%,22.30%,9.80%,12.20%,4.10%,68.30%,16.30%,993,76.20%,9.80%,"1,039",78.10%,29.50%,"1,529",60.10%,15.20%,447,56.20%,3.80%
2178,Census Tract 5125.06,724,17.70%,42.50%,35.60%,4.10%,"3,342",16.90%,12.80%,23.00%,15.90%,11.60%,13.70%,6.10%,70.30%,19.80%,909,82.70%,15.80%,736,63.30%,31.10%,"1,214",68.50%,18.20%,483,61.90%,13.90%
2184,Census Tract 5125.08,648,6.50%,31.20%,53.20%,9.10%,"4,880",12.60%,15.30%,22.50%,13.30%,7.40%,20.60%,8.30%,72.10%,28.90%,"1,219",71.10%,13.00%,"1,112",66.50%,29.90%,"1,714",79.40%,41.00%,835,65.90%,26.00%
2190,Census Tract 5125.09,372,18.80%,20.40%,46.80%,14.00%,"2,098",6.30%,4.80%,21.80%,34.70%,13.60%,9.90%,8.80%,88.90%,18.70%,369,91.30%,9.80%,439,92.50%,27.10%,982,93.40%,22.50%,308,66.60%,5.20%
2196,Census Tract 5125.10,591,15.70%,35.90%,44.20%,4.20%,"3,525",7.80%,6.60%,9.20%,28.20%,9.20%,25.80%,13.20%,85.50%,38.90%,659,100.00%,24.90%,560,87.10%,57.00%,"1,590",85.70%,41.30%,716,70.70%,32.50%
2202,Census Tract 5126.02,338,56.80%,20.40%,22.80%,0.00%,"1,698",23.30%,12.80%,23.00%,20.00%,5.60%,11.70%,3.70%,63.80%,15.30%,229,74.70%,13.50%,478,47.70%,11.70%,643,75.10%,19.60%,348,58.00%,13.50%
2208,Census Tract 5126.03,471,72.20%,11.30%,16.60%,0.00%,"1,920",22.30%,17.20%,36.80%,5.80%,5.50%,6.50%,5.90%,60.50%,12.30%,588,69.40%,5.80%,602,53.50%,8.80%,601,67.40%,22.80%,129,20.20%,10.10%
2214,Census Tract 5126.04,283,18.40%,49.50%,32.20%,0.00%,"3,027",32.60%,13.10%,29.30%,13.00%,5.20%,3.40%,3.30%,54.30%,6.70%,532,57.50%,3.40%,619,62.40%,4.20%,757,44.40%,10.60%,"1,119",55.00%,7.00%
2220,Census Tract 5130,"5,356",0.00%,27.10%,56.90%,16.10%,"2,180",0.50%,0.50%,2.80%,5.50%,0.90%,38.50%,51.20%,99.00%,89.70%,"1,885",99.40%,95.40%,117,90.60%,43.60%,169,100.00%,57.40%,9,100.00%,100.00%
2226,Census Tract 5135,107,27.10%,49.50%,23.40%,0.00%,628,12.90%,6.50%,26.90%,34.20%,11.90%,2.40%,5.10%,80.60%,7.50%,191,92.10%,0.00%,80,56.30%,12.50%,160,70.00%,14.40%,197,87.80%,7.10%
2232,"San Jose city, California!!Total!!Estimate","88,790",17.80%,26.80%,44.10%,11.30%,"604,967",9.90%,7.80%,19.40%,18.60%,7.80%,23.00%,13.50%,82.40%,36.60%,"146,060",84.80%,38.90%,"149,212",84.00%,42.10%,"220,726",84.40%,35.50%,"88,969",70.50%,26.10%
