GEO_ID,NAME,B25009_001E,B25009_001M,B25009_002E,B25009_002M,B25009_003E,B25009_003M,B25009_004E,B25009_004M,B25009_005E,B25009_005M,B25009_006E,B25009_006M,B25009_007E,B25009_007M,B25009_008E,B25009_008M,B25009_009E,B25009_009M,B25009_010E,B25009_010M,B25009_011E,B25009_011M,B25009_012E,B25009_012M,B25009_013E,B25009_013M,B25009_014E,B25009_014M,B25009_015E,B25009_015M,B25009_016E,B25009_016M,B25009_017E,B25009_017M
Geography,Geographic Area Name,Estimate!!Total,Margin of Error!!Total,Estimate!!Total!!Owner occupied,Margin of Error!!Total!!Owner occupied,Estimate!!Total!!Owner occupied!!1-person household,Margin of Error!!Total!!Owner occupied!!1-person household,Estimate!!Total!!Owner occupied!!2-person household,Margin of Error!!Total!!Owner occupied!!2-person household,Estimate!!Total!!Owner occupied!!3-person household,Margin of Error!!Total!!Owner occupied!!3-person household,Estimate!!Total!!Owner occupied!!4-person household,Margin of Error!!Total!!Owner occupied!!4-person household,Estimate!!Total!!Owner occupied!!5-person household,Margin of Error!!Total!!Owner occupied!!5-person household,Estimate!!Total!!Owner occupied!!6-person household,Margin of Error!!Total!!Owner occupied!!6-person household,Estimate!!Total!!Owner occupied!!7-or-more person household,Margin of Error!!Total!!Owner occupied!!7-or-more person household,Estimate!!Total!!Renter occupied,Margin of Error!!Total!!Renter occupied,Estimate!!Total!!Renter occupied!!1-person household,Margin of Error!!Total!!Renter occupied!!1-person household,Estimate!!Total!!Renter occupied!!2-person household,Margin of Error!!Total!!Renter occupied!!2-person household,Estimate!!Total!!Renter occupied!!3-person household,Margin of Error!!Total!!Renter occupied!!3-person household,Estimate!!Total!!Renter occupied!!4-person household,Margin of Error!!Total!!Renter occupied!!4-person household,Estimate!!Total!!Renter occupied!!5-person household,Margin of Error!!Total!!Renter occupied!!5-person household,Estimate!!Total!!Renter occupied!!6-person household,Margin of Error!!Total!!Renter occupied!!6-person household,Estimate!!Total!!Renter occupied!!7-or-more person household,Margin of Error!!Total!!Renter occupied!!7-or-more person household
1400000US06085500100,"Census Tract 5001, Santa Clara County, California",1970,103,698,135,245,86,179,53,96,53,74,55,91,75,13,22,0,132,1272,165,353,129,277,87,201,89,261,120,75,61,62,60,43,45
1400000US06085500200,"Census Tract 5002, Santa Clara County, California",2023,101,520,120,126,73,213,120,65,55,80,59,36,40,0,132,0,132,1503,164,630,144,678,168,106,66,69,64,20,27,0,132,0,132
1400000US06085500300,"Census Tract 5003, Santa Clara County, California",1204,75,447,84,119,65,182,55,102,70,12,15,16,19,16,18,0,132,757,96,281,76,229,83,144,73,71,58,10,13,0,132,22,27
1400000US06085500400,"Census Tract 5004, Santa Clara County, California",986,76,360,83,66,37,183,72,51,37,38,33,22,26,0,132,0,132,626,107,218,90,146,81,112,67,71,62,67,65,12,21,0,132
1400000US06085500500,"Census Tract 5005, Santa Clara County, California",1864,93,1328,138,238,91,520,105,222,92,292,79,27,28,0,132,29,17,536,143,167,75,153,82,63,58,123,92,30,37,0,132,0,132
1400000US06085500600,"Census Tract 5006, Santa Clara County, California",2082,98,817,131,134,58,398,88,212,87,29,28,44,69,0,132,0,132,1265,137,583,138,401,121,113,73,106,78,7,14,7,18,48,61
1400000US06085500800,"Census Tract 5008, Santa Clara County, California",1032,130,317,93,155,68,81,57,25,28,18,20,26,36,12,21,0,132,715,140,394,128,143,57,61,61,54,53,43,48,20,31,0,132
1400000US06085500901,"Census Tract 5009.01, Santa Clara County, California",1677,137,147,57,66,46,59,33,22,25,0,132,0,132,0,132,0,132,1530,136,685,142,606,119,185,78,13,20,30,41,0,132,11,17
1400000US06085500902,"Census Tract 5009.02, Santa Clara County, California",523,81,22,24,0,132,0,132,15,22,0,132,7,13,0,132,0,132,501,83,122,71,154,89,149,89,38,35,22,18,16,23,0,132
1400000US06085501000,"Census Tract 5010, Santa Clara County, California",1976,118,373,123,130,87,90,51,106,84,47,41,0,132,0,132,0,132,1603,153,628,153,443,139,265,112,51,48,75,76,121,95,20,37
1400000US06085501101,"Census Tract 5011.01, Santa Clara County, California",1694,75,515,109,121,62,203,71,117,94,40,37,17,27,6,16,11,19,1179,126,535,118,434,121,44,46,86,74,80,79,0,132,0,132
1400000US06085501102,"Census Tract 5011.02, Santa Clara County, California",1315,107,879,133,126,63,334,115,78,51,62,63,178,79,87,84,14,23,436,127,97,79,49,47,154,100,32,33,72,72,0,132,32,49
1400000US06085501200,"Census Tract 5012, Santa Clara County, California",1398,79,516,96,147,60,218,67,56,45,58,46,19,29,8,12,10,17,882,109,260,89,265,106,179,116,84,63,64,48,0,132,30,38
1400000US06085501300,"Census Tract 5013, Santa Clara County, California",1125,108,606,99,121,51,173,58,129,66,110,53,51,57,11,17,11,17,519,101,213,79,164,68,57,56,14,17,55,42,16,20,0,132
1400000US06085501401,"Census Tract 5014.01, Santa Clara County, California",979,67,230,72,100,52,52,43,46,45,25,24,7,12,0,132,0,132,749,87,145,52,111,67,86,58,178,97,182,99,0,132,47,53
1400000US06085501402,"Census Tract 5014.02, Santa Clara County, California",832,48,429,96,129,89,150,65,75,60,50,48,4,11,17,24,4,11,403,93,74,63,67,55,65,41,54,53,36,40,35,50,72,66
1400000US06085501501,"Census Tract 5015.01, Santa Clara County, California",1161,52,338,91,82,47,75,44,37,32,105,59,19,24,13,15,7,12,823,106,169,72,76,49,185,86,74,54,127,79,91,71,101,60
1400000US06085501502,"Census Tract 5015.02, Santa Clara County, California",996,98,529,130,83,53,177,85,63,54,73,64,40,35,27,33,66,49,467,124,103,67,72,56,118,97,51,45,24,38,39,45,60,60
1400000US06085501600,"Census Tract 5016, Santa Clara County, California",2203,181,402,113,138,79,77,41,36,39,58,53,45,34,40,60,8,12,1801,199,747,200,600,179,185,98,75,66,75,50,0,132,119,74
1400000US06085501700,"Census Tract 5017, Santa Clara County, California",1205,103,373,70,61,32,62,41,48,35,57,36,68,46,47,42,30,28,832,124,148,79,201,82,105,76,240,90,64,54,38,37,36,40
1400000US06085501800,"Census Tract 5018, Santa Clara County, California",1628,81,895,128,213,84,319,109,173,75,104,64,35,34,31,37,20,30,733,135,128,81,171,96,107,72,138,73,125,81,26,42,38,37
1400000US06085501900,"Census Tract 5019, Santa Clara County, California",1868,91,591,122,260,104,197,88,118,58,0,132,0,132,4,14,12,19,1277,127,440,122,354,115,139,82,193,79,48,52,69,50,34,55
1400000US06085502001,"Census Tract 5020.01, Santa Clara County, California",2092,105,638,138,189,93,171,78,97,73,66,55,65,58,25,31,25,36,1454,146,638,143,315,154,300,162,161,106,40,47,0,132,0,132
1400000US06085502002,"Census Tract 5020.02, Santa Clara County, California",1579,102,410,99,111,61,112,61,98,49,40,31,16,17,0,132,33,27,1169,130,290,93,301,103,139,89,168,107,170,88,92,74,9,14
1400000US06085502101,"Census Tract 5021.01, Santa Clara County, California",1945,82,1270,151,487,109,429,124,192,107,86,51,72,45,4,9,0,132,675,142,171,84,206,91,179,111,47,42,41,40,0,132,31,47
1400000US06085502102,"Census Tract 5021.02, Santa Clara County, California",2649,118,661,146,168,85,262,107,119,99,73,55,22,39,17,28,0,132,1988,147,704,181,434,144,345,132,264,143,241,108,0,132,0,132
1400000US06085502201,"Census Tract 5022.01, Santa Clara County, California",2701,123,532,123,272,113,193,80,18,29,49,58,0,132,0,132,0,132,2169,175,757,172,784,181,203,101,66,58,252,155,60,82,47,77
1400000US06085502202,"Census Tract 5022.02, Santa Clara County, California",1337,87,737,104,355,81,217,68,51,40,68,39,46,36,0,132,0,132,600,102,303,97,224,89,57,47,16,24,0,132,0,132,0,132
1400000US06085502301,"Census Tract 5023.01, Santa Clara County, California",1279,86,765,113,119,67,350,117,129,102,167,58,0,132,0,132,0,132,514,115,189,97,197,97,128,76,0,132,0,132,0,132,0,132
1400000US06085502302,"Census Tract 5023.02, Santa Clara County, California",1233,82,496,95,93,77,191,91,67,49,125,55,20,22,0,132,0,132,737,107,414,92,145,79,12,21,86,62,10,17,70,76,0,132
1400000US06085502400,"Census Tract 5024, Santa Clara County, California",2847,113,2283,155,605,143,784,167,326,131,413,122,130,69,25,28,0,132,564,141,190,87,168,96,146,67,48,55,12,20,0,132,0,132
1400000US06085502500,"Census Tract 5025, Santa Clara County, California",2347,137,1981,144,469,124,748,157,334,127,338,116,92,69,0,132,0,132,366,121,72,56,123,69,81,71,44,40,46,55,0,132,0,132
1400000US06085502601,"Census Tract 5026.01, Santa Clara County, California",1232,57,919,72,284,90,339,79,155,57,86,40,37,23,4,9,14,19,313,75,214,72,70,48,0,132,17,21,0,132,12,20,0,132
1400000US06085502603,"Census Tract 5026.03, Santa Clara County, California",1016,70,764,106,108,65,302,97,111,60,197,64,46,33,0,132,0,132,252,89,71,45,89,76,64,60,28,34,0,132,0,132,0,132
1400000US06085502604,"Census Tract 5026.04, Santa Clara County, California",2218,123,642,143,325,126,183,90,105,74,0,132,29,33,0,132,0,132,1576,163,654,163,597,151,201,115,37,40,28,37,59,74,0,132
1400000US06085502701,"Census Tract 5027.01, Santa Clara County, California",1853,106,1049,112,287,103,292,69,202,68,117,49,106,46,45,32,0,132,804,121,389,117,279,101,46,43,50,45,21,38,9,14,10,13
1400000US06085502702,"Census Tract 5027.02, Santa Clara County, California",3112,76,2081,170,621,133,596,128,445,152,304,113,115,72,0,132,0,132,1031,162,325,107,366,134,229,130,53,49,18,29,23,38,17,30
1400000US06085502800,"Census Tract 5028, Santa Clara County, California",1345,105,1098,129,142,64,414,94,225,80,187,64,78,52,5,10,47,29,247,94,27,29,61,42,45,51,63,61,51,41,0,132,0,132
1400000US06085502901,"Census Tract 5029.01, Santa Clara County, California",2194,83,1423,129,218,79,523,129,253,107,355,98,74,55,0,132,0,132,771,154,196,79,276,122,157,79,91,78,39,32,12,21,0,132
1400000US06085502902,"Census Tract 5029.02, Santa Clara County, California",2551,71,2142,172,368,126,788,185,345,131,411,101,99,69,114,93,17,26,409,161,66,66,91,62,24,29,118,95,110,96,0,132,0,132
1400000US06085502903,"Census Tract 5029.03, Santa Clara County, California",1842,105,1697,110,321,90,651,97,295,101,276,81,87,46,39,33,28,29,145,54,11,18,55,37,36,32,12,19,20,24,11,17,0,132
1400000US06085502906,"Census Tract 5029.06, Santa Clara County, California",1609,72,910,120,185,78,287,94,191,85,156,71,77,48,5,11,9,14,699,114,240,99,122,66,170,104,125,83,0,132,42,45,0,132
1400000US06085502907,"Census Tract 5029.07, Santa Clara County, California",1308,62,1117,84,244,87,448,93,182,76,203,69,38,31,0,132,2,4,191,82,5,9,28,24,68,67,32,36,26,24,32,41,0,132
1400000US06085502908,"Census Tract 5029.08, Santa Clara County, California",2330,102,1795,144,277,97,569,142,342,122,418,103,138,71,51,47,0,132,535,133,148,75,28,35,256,131,15,24,76,81,11,18,1,9
1400000US06085502909,"Census Tract 5029.09, Santa Clara County, California",1998,111,991,138,274,98,308,92,225,106,86,55,83,75,11,18,4,12,1007,154,282,99,320,136,221,112,81,58,58,47,45,73,0,132
1400000US06085502910,"Census Tract 5029.10, Santa Clara County, California",1475,66,754,96,213,72,202,67,118,52,187,65,26,31,8,14,0,132,721,99,304,86,184,82,137,82,65,57,31,29,0,132,0,132
1400000US06085503001,"Census Tract 5030.01, Santa Clara County, California",1539,81,1180,119,263,82,456,96,222,91,183,77,48,40,8,14,0,132,359,103,66,47,115,72,128,87,50,64,0,132,0,132,0,132
1400000US06085503002,"Census Tract 5030.02, Santa Clara County, California",1346,20,922,87,171,62,415,74,176,73,121,52,28,27,11,16,0,132,424,85,140,46,119,62,44,46,73,36,37,36,11,19,0,132
1400000US06085503003,"Census Tract 5030.03, Santa Clara County, California",1821,22,1555,104,334,87,383,80,339,99,371,105,73,46,27,24,28,28,266,105,41,50,58,48,53,30,86,71,9,14,14,20,5,16
1400000US06085503105,"Census Tract 5031.05, Santa Clara County, California",731,46,236,87,77,58,77,57,23,26,10,17,26,36,0,132,23,26,495,68,114,71,148,73,76,61,123,71,10,19,13,21,11,19
1400000US06085503108,"Census Tract 5031.08, Santa Clara County, California",2831,100,1000,138,107,69,241,96,247,95,319,110,56,56,0,132,30,41,1831,150,435,131,789,189,172,105,193,93,136,101,89,87,17,27
1400000US06085503110,"Census Tract 5031.10, Santa Clara County, California",1128,45,340,84,26,38,40,32,39,37,81,60,42,42,94,81,18,26,788,93,118,68,153,70,107,54,161,56,154,77,41,38,54,38
1400000US06085503111,"Census Tract 5031.11, Santa Clara County, California",1063,66,792,119,121,73,92,50,142,69,193,80,98,58,63,38,83,41,271,109,29,45,42,40,33,35,32,30,21,32,28,33,86,69
1400000US06085503112,"Census Tract 5031.12, Santa Clara County, California",1345,72,515,107,120,72,192,89,62,47,36,41,0,132,68,51,37,41,830,117,120,62,365,95,128,77,58,62,125,77,34,32,0,132
1400000US06085503113,"Census Tract 5031.13, Santa Clara County, California",1283,30,395,87,100,63,66,34,60,50,23,25,50,45,61,56,35,42,888,82,103,63,147,81,116,71,115,62,162,90,146,75,99,74
1400000US06085503115,"Census Tract 5031.15, Santa Clara County, California",2283,124,2008,131,592,116,762,123,427,121,132,85,75,45,20,31,0,132,275,87,39,49,40,48,86,50,54,48,11,18,30,33,15,23
1400000US06085503116,"Census Tract 5031.16, Santa Clara County, California",2150,83,1264,128,490,123,305,85,271,88,155,73,17,21,17,28,9,16,886,138,336,126,282,112,101,55,92,74,5,11,61,49,9,15
1400000US06085503117,"Census Tract 5031.17, Santa Clara County, California",749,43,290,102,22,31,18,36,122,92,27,35,27,35,43,54,31,51,459,99,60,52,97,71,87,77,78,53,105,53,13,22,19,34
1400000US06085503118,"Census Tract 5031.18, Santa Clara County, California",1569,107,585,122,85,67,260,84,59,47,23,37,109,86,0,132,49,56,984,142,211,104,246,108,229,113,142,88,117,71,27,36,12,21
1400000US06085503121,"Census Tract 5031.21, Santa Clara County, California",1477,97,609,149,115,68,173,105,75,63,112,105,86,62,35,42,13,24,868,151,399,130,202,112,137,104,116,69,2,22,12,22,0,132
1400000US06085503122,"Census Tract 5031.22, Santa Clara County, California",1076,106,558,113,136,81,94,62,142,79,129,71,57,39,0,132,0,132,518,134,289,100,93,58,39,33,53,52,22,37,0,132,22,34
1400000US06085503123,"Census Tract 5031.23, Santa Clara County, California",1548,111,363,92,220,93,99,52,30,34,14,22,0,132,0,132,0,132,1185,126,531,159,191,103,162,110,165,96,17,29,119,109,0,132
1400000US06085503204,"Census Tract 5032.04, Santa Clara County, California",2098,111,1299,180,154,76,350,144,255,117,185,101,222,116,57,44,76,71,799,164,146,89,221,115,136,72,208,104,54,44,24,38,10,16
1400000US06085503207,"Census Tract 5032.07, Santa Clara County, California",989,52,758,98,64,36,133,73,128,55,184,73,125,75,69,62,55,45,231,100,14,17,71,62,47,52,14,18,33,36,0,132,52,50
1400000US06085503208,"Census Tract 5032.08, Santa Clara County, California",836,44,583,80,52,45,99,44,167,117,81,64,100,59,11,18,73,59,253,80,11,17,25,43,19,30,12,19,99,63,9,16,78,67
1400000US06085503210,"Census Tract 5032.10, Santa Clara County, California",930,55,579,111,53,45,52,43,40,36,121,69,71,57,130,81,112,82,351,112,35,54,95,80,50,60,85,69,40,33,34,56,12,19
1400000US06085503211,"Census Tract 5032.11, Santa Clara County, California",1095,53,786,113,47,32,166,63,173,74,115,49,159,67,109,72,17,21,309,106,0,132,12,14,91,54,100,60,43,44,13,20,50,45
1400000US06085503212,"Census Tract 5032.12, Santa Clara County, California",985,20,699,86,47,37,79,43,175,54,99,57,134,72,28,29,137,55,286,83,0,132,53,47,63,47,55,53,40,45,64,43,11,17
1400000US06085503213,"Census Tract 5032.13, Santa Clara County, California",1237,52,893,117,145,69,177,83,193,88,117,70,198,104,36,35,27,30,344,100,22,25,90,56,57,55,104,73,36,37,24,36,11,19
1400000US06085503214,"Census Tract 5032.14, Santa Clara County, California",1682,102,1176,131,135,65,185,81,194,76,249,103,163,95,174,89,76,54,506,131,78,61,81,65,116,86,54,35,61,55,90,63,26,42
1400000US06085503217,"Census Tract 5032.17, Santa Clara County, California",1051,51,695,98,48,38,79,58,148,89,179,83,195,88,28,31,18,17,356,91,82,65,33,31,5,10,25,46,24,25,94,60,93,70
1400000US06085503218,"Census Tract 5032.18, Santa Clara County, California",1115,60,399,90,23,27,55,41,81,45,104,62,61,49,24,28,51,49,716,109,147,84,128,82,220,101,150,67,52,50,0,132,19,24
1400000US06085503304,"Census Tract 5033.04, Santa Clara County, California",1745,91,978,146,158,61,201,79,153,77,276,111,73,46,39,33,78,63,767,129,95,72,114,75,313,121,177,87,49,47,0,132,19,24
1400000US06085503305,"Census Tract 5033.05, Santa Clara County, California",1494,58,778,131,120,65,103,64,171,77,136,72,101,71,58,47,89,56,716,136,208,93,170,78,93,60,100,79,13,19,32,28,100,87
1400000US06085503306,"Census Tract 5033.06, Santa Clara County, California",830,64,578,92,97,51,85,55,70,55,77,48,137,76,89,48,23,35,252,82,18,20,53,51,36,34,62,55,26,39,21,32,36,34
1400000US06085503312,"Census Tract 5033.12, Santa Clara County, California",1023,74,897,85,118,67,298,78,131,63,127,72,155,74,21,32,47,37,126,64,9,14,17,20,57,54,32,42,11,18,0,132,0,132
1400000US06085503313,"Census Tract 5033.13, Santa Clara County, California",1294,44,1225,70,132,61,420,99,246,79,268,85,70,58,0,132,89,52,69,45,0,132,16,25,0,132,11,18,29,33,13,21,0,132
1400000US06085503315,"Census Tract 5033.15, Santa Clara County, California",1960,78,1368,101,103,61,298,87,177,81,338,102,258,76,81,59,113,61,592,112,116,84,98,53,132,78,51,42,77,66,74,64,44,58
1400000US06085503321,"Census Tract 5033.21, Santa Clara County, California",1055,52,969,78,55,54,141,61,219,99,178,68,148,83,126,91,102,49,86,61,0,132,0,132,40,46,0,132,23,32,9,15,14,21
1400000US06085503322,"Census Tract 5033.22, Santa Clara County, California",1022,57,781,123,88,49,213,78,80,55,131,65,173,81,29,29,67,51,241,118,0,132,24,28,51,41,141,108,6,13,13,21,6,16
1400000US06085503323,"Census Tract 5033.23, Santa Clara County, California",1243,24,995,115,88,56,165,60,128,63,252,106,174,94,93,63,95,43,248,106,0,132,78,65,28,31,54,57,42,44,46,51,0,132
1400000US06085503324,"Census Tract 5033.24, Santa Clara County, California",900,45,699,75,84,57,88,45,174,58,200,85,81,56,53,39,19,27,201,83,0,132,0,132,12,20,30,29,76,65,36,32,47,42
1400000US06085503325,"Census Tract 5033.25, Santa Clara County, California",1105,70,846,87,62,48,209,64,161,63,192,69,103,53,87,47,32,31,259,77,0,132,18,22,73,53,54,50,66,41,28,36,20,25
1400000US06085503326,"Census Tract 5033.26, Santa Clara County, California",1632,68,1519,85,111,63,178,72,338,96,590,121,166,71,80,51,56,38,113,60,10,15,18,27,35,42,50,47,0,132,0,132,0,132
1400000US06085503327,"Census Tract 5033.27, Santa Clara County, California",1215,100,1040,109,59,47,276,96,160,64,239,68,229,115,53,50,24,33,175,87,24,26,14,22,62,58,17,20,58,43,0,132,0,132
1400000US06085503329,"Census Tract 5033.29, Santa Clara County, California",918,76,836,92,57,58,172,84,152,72,322,105,94,62,39,38,0,132,82,49,0,132,0,132,0,132,37,36,32,35,13,20,0,132
1400000US06085503330,"Census Tract 5033.30, Santa Clara County, California",1984,68,1864,99,67,49,286,109,481,113,662,118,202,79,107,57,59,45,120,73,15,23,36,41,20,23,32,50,0,132,0,132,17,27
1400000US06085503331,"Census Tract 5033.31, Santa Clara County, California",1434,32,1082,104,265,93,332,91,131,70,266,93,83,58,0,132,5,14,352,102,195,86,115,85,0,132,42,52,0,132,0,132,0,132
1400000US06085503332,"Census Tract 5033.32, Santa Clara County, California",2542,55,2406,94,661,130,1250,163,101,97,238,105,146,71,0,132,10,19,136,84,55,45,81,71,0,132,0,132,0,132,0,132,0,132
1400000US06085503333,"Census Tract 5033.33, Santa Clara County, California",1301,60,1130,109,184,73,237,102,106,64,307,112,186,77,82,64,28,37,171,93,0,132,17,27,0,132,73,106,0,132,81,95,0,132
1400000US06085503334,"Census Tract 5033.34, Santa Clara County, California",2686,39,2561,108,173,93,570,146,614,156,650,149,335,131,158,99,61,46,125,102,16,25,0,132,40,44,0,132,69,87,0,132,0,132
1400000US06085503336,"Census Tract 5033.36, Santa Clara County, California",851,44,589,89,29,27,96,60,84,48,182,66,136,61,13,21,49,53,262,96,0,132,31,29,89,64,96,71,46,48,0,132,0,132
1400000US06085503337,"Census Tract 5033.37, Santa Clara County, California",975,27,726,110,104,59,115,50,96,52,226,110,107,64,30,24,48,44,249,105,15,23,30,30,85,55,21,30,67,61,0,132,31,36
1400000US06085503401,"Census Tract 5034.01, Santa Clara County, California",868,85,625,109,64,52,132,63,89,61,105,70,164,69,54,43,17,23,243,84,0,132,22,34,29,29,0,132,39,42,30,33,123,70
1400000US06085503402,"Census Tract 5034.02, Santa Clara County, California",1140,65,475,124,54,46,112,68,30,28,29,33,133,109,100,82,17,21,665,128,65,58,153,106,89,55,103,73,144,93,11,25,100,74
1400000US06085503504,"Census Tract 5035.04, Santa Clara County, California",1147,57,749,122,26,24,128,60,140,79,116,64,121,63,44,38,174,70,398,127,11,18,0,132,62,58,58,41,40,52,23,28,204,102
1400000US06085503506,"Census Tract 5035.06, Santa Clara County, California",1207,79,720,111,11,18,157,80,105,82,187,85,56,43,92,69,112,64,487,90,72,59,10,16,59,58,77,49,93,75,101,63,75,62
1400000US06085503507,"Census Tract 5035.07, Santa Clara County, California",315,52,232,57,18,19,38,32,9,14,56,46,37,36,33,43,41,33,83,57,0,132,0,132,46,45,0,132,0,132,10,16,27,44
1400000US06085503508,"Census Tract 5035.08, Santa Clara County, California",1211,71,894,96,67,49,165,78,168,69,193,59,186,88,64,59,51,46,317,84,19,28,23,24,19,25,106,70,58,62,30,47,62,45
1400000US06085503509,"Census Tract 5035.09, Santa Clara County, California",886,37,694,97,51,46,166,66,89,56,133,62,137,69,33,32,85,47,192,91,0,132,0,132,48,47,37,43,69,53,22,33,16,19
1400000US06085503510,"Census Tract 5035.10, Santa Clara County, California",1368,61,718,132,66,50,200,75,81,64,150,76,101,61,15,22,105,59,650,142,77,66,61,44,149,88,84,58,197,95,63,63,19,28
1400000US06085503511,"Census Tract 5035.11, Santa Clara County, California",763,75,646,83,24,27,126,55,87,51,167,75,94,47,55,51,93,58,117,78,12,18,0,132,39,44,33,38,0,132,18,29,15,23
1400000US06085503601,"Census Tract 5036.01, Santa Clara County, California",879,67,215,68,51,45,80,40,8,22,28,28,22,25,14,20,12,19,664,92,157,90,168,101,61,50,106,77,102,72,59,60,11,18
1400000US06085503602,"Census Tract 5036.02, Santa Clara County, California",1133,65,503,111,119,61,96,65,56,47,72,54,92,56,23,29,45,41,630,120,156,72,143,89,131,64,19,21,49,44,62,60,70,55
1400000US06085503703,"Census Tract 5037.03, Santa Clara County, California",817,69,372,88,48,60,34,30,46,44,69,39,91,63,34,35,50,30,445,94,41,36,22,24,128,80,145,81,56,46,30,31,23,26
1400000US06085503707,"Census Tract 5037.07, Santa Clara County, California",1335,102,849,139,50,39,251,130,191,86,221,91,63,51,60,48,13,23,486,124,35,30,75,72,165,79,59,48,122,83,0,132,30,38
1400000US06085503708,"Census Tract 5037.08, Santa Clara County, California",744,19,484,76,27,27,136,65,89,45,110,62,56,45,46,54,20,25,260,72,28,32,63,52,101,62,62,52,0,132,0,132,6,18
1400000US06085503709,"Census Tract 5037.09, Santa Clara County, California",1399,64,273,87,20,24,103,55,42,50,45,34,16,23,0,132,47,50,1126,114,94,62,250,94,262,86,221,101,121,71,127,51,51,44
1400000US06085503710,"Census Tract 5037.10, Santa Clara County, California",924,78,283,84,41,44,58,40,61,58,38,52,44,33,17,23,24,19,641,96,163,84,115,72,103,69,129,77,35,43,96,83,0,132
1400000US06085503711,"Census Tract 5037.11, Santa Clara County, California",1009,58,465,85,56,43,68,54,132,80,69,58,64,49,4,9,72,59,544,92,44,48,46,48,132,60,38,43,98,65,83,67,103,66
1400000US06085503712,"Census Tract 5037.12, Santa Clara County, California",1272,72,511,145,149,92,112,78,50,49,200,131,0,132,0,132,0,132,761,155,257,102,224,117,71,64,120,100,89,96,0,132,0,132
1400000US06085503713,"Census Tract 5037.13, Santa Clara County, California",1104,64,284,117,84,66,25,48,40,41,61,60,30,45,44,49,0,132,820,118,290,87,194,109,24,26,199,102,4,16,57,77,52,61
1400000US06085503802,"Census Tract 5038.02, Santa Clara County, California",2263,86,1512,138,194,78,405,134,197,80,326,114,120,70,154,82,116,79,751,144,208,126,180,105,103,73,183,119,53,46,24,37,0,132
1400000US06085503803,"Census Tract 5038.03, Santa Clara County, California",1367,50,1034,91,107,67,280,84,247,80,187,86,120,79,64,56,29,31,333,91,36,36,26,28,82,66,57,47,116,69,16,22,0,132
1400000US06085503804,"Census Tract 5038.04, Santa Clara County, California",1504,74,1042,130,195,74,242,72,188,61,167,88,126,57,56,46,68,37,462,121,42,38,134,88,173,97,90,64,0,132,0,132,23,25
1400000US06085503902,"Census Tract 5039.02, Santa Clara County, California",1403,96,890,145,196,89,203,80,123,63,117,80,97,85,80,60,74,55,513,165,42,48,148,108,45,73,152,100,109,92,17,27,0,132
1400000US06085503903,"Census Tract 5039.03, Santa Clara County, California",891,64,322,79,28,33,54,45,12,21,108,72,12,19,33,29,75,50,569,90,125,82,113,85,56,76,171,78,72,79,32,30,0,132
1400000US06085504001,"Census Tract 5040.01, Santa Clara County, California",1530,86,880,131,176,89,176,82,127,65,203,95,61,50,52,40,85,60,650,137,69,48,146,86,123,70,122,98,91,64,51,51,48,44
1400000US06085504002,"Census Tract 5040.02, Santa Clara County, California",1270,70,644,97,37,28,100,51,84,46,118,61,48,43,66,42,191,83,626,110,196,74,85,59,70,65,101,60,115,74,0,132,59,46
1400000US06085504101,"Census Tract 5041.01, Santa Clara County, California",982,69,717,99,49,41,96,56,211,81,190,72,77,58,67,52,27,36,265,91,31,32,18,25,69,50,15,24,0,132,8,14,124,72
1400000US06085504102,"Census Tract 5041.02, Santa Clara County, California",1310,74,889,98,49,38,180,70,228,84,187,79,89,58,86,53,70,56,421,88,31,28,81,57,126,66,33,32,0,132,82,62,68,62
1400000US06085504201,"Census Tract 5042.01, Santa Clara County, California",1696,84,1387,99,343,88,395,94,246,86,198,64,177,83,0,132,28,25,309,91,30,30,113,72,131,74,18,21,17,25,0,132,0,132
1400000US06085504202,"Census Tract 5042.02, Santa Clara County, California",1420,104,1336,95,220,84,528,100,249,82,148,66,120,61,48,32,23,32,84,57,0,132,12,19,26,29,25,31,21,23,0,132,0,132
1400000US06085504307,"Census Tract 5043.07, Santa Clara County, California",1738,49,1408,104,151,72,408,85,320,115,310,88,161,70,15,20,43,40,330,100,65,59,27,31,9,13,52,52,121,73,0,132,56,84
1400000US06085504308,"Census Tract 5043.08, Santa Clara County, California",1481,66,1154,108,193,90,569,87,82,48,135,61,99,54,0,132,76,49,327,94,56,60,123,73,24,21,44,51,50,34,30,31,0,132
1400000US06085504311,"Census Tract 5043.11, Santa Clara County, California",2379,54,1684,150,308,115,334,126,396,117,391,127,78,60,98,68,79,56,695,152,140,88,119,65,240,125,107,95,74,71,0,132,15,25
1400000US06085504314,"Census Tract 5043.14, Santa Clara County, California",1323,47,1070,93,185,65,306,91,95,52,316,80,123,66,23,27,22,27,253,91,37,41,32,39,51,55,48,38,24,27,26,37,35,31
1400000US06085504315,"Census Tract 5043.15, Santa Clara County, California",2017,36,1601,147,212,101,464,132,384,131,323,120,154,71,42,46,22,38,416,136,38,41,111,74,95,74,118,98,54,49,0,132,0,132
1400000US06085504316,"Census Tract 5043.16, Santa Clara County, California",1442,26,1208,106,125,60,362,97,265,82,196,74,177,69,50,51,33,30,234,104,0,132,12,19,141,98,13,18,56,45,12,18,0,132
1400000US06085504317,"Census Tract 5043.17, Santa Clara County, California",1194,68,995,106,83,41,271,81,205,79,231,88,99,65,68,48,38,32,199,82,0,132,48,39,45,43,90,48,0,132,10,17,6,12
1400000US06085504318,"Census Tract 5043.18, Santa Clara County, California",1401,102,1274,105,116,55,502,126,236,80,210,92,62,39,66,52,82,63,127,62,16,19,25,32,39,39,47,34,0,132,0,132,0,132
1400000US06085504319,"Census Tract 5043.19, Santa Clara County, California",1935,67,1292,104,153,81,249,66,261,90,331,89,195,95,49,39,54,45,643,109,76,60,179,86,88,54,207,93,10,16,83,68,0,132
1400000US06085504320,"Census Tract 5043.20, Santa Clara County, California",848,24,657,73,69,48,218,65,69,48,136,70,56,37,79,43,30,45,191,73,37,33,25,28,0,132,68,42,52,61,9,14,0,132
1400000US06085504321,"Census Tract 5043.21, Santa Clara County, California",1598,31,1109,104,210,81,208,77,264,105,260,113,55,37,48,46,64,40,489,103,51,42,202,74,106,62,35,31,31,28,64,56,0,132
1400000US06085504322,"Census Tract 5043.22, Santa Clara County, California",1886,107,687,161,132,77,170,74,205,115,66,46,114,99,0,132,0,132,1199,167,416,154,332,136,313,147,19,25,89,79,30,41,0,132
1400000US06085504323,"Census Tract 5043.23, Santa Clara County, California",1767,86,857,166,109,78,164,79,181,96,156,98,148,95,80,76,19,30,910,181,104,71,377,168,172,133,73,64,128,97,26,37,30,49
1400000US06085504410,"Census Tract 5044.10, Santa Clara County, California",1204,61,802,110,106,71,107,59,102,64,265,82,89,74,95,65,38,34,402,93,29,23,102,66,49,40,111,78,41,33,42,47,28,35
1400000US06085504411,"Census Tract 5044.11, Santa Clara County, California",1520,49,1109,128,142,69,276,86,255,102,209,76,154,73,73,46,0,132,411,126,35,45,75,65,93,61,77,58,16,16,33,46,82,60
1400000US06085504412,"Census Tract 5044.12, Santa Clara County, California",1284,63,770,125,122,71,184,49,106,60,229,83,73,53,56,37,0,132,514,123,48,39,87,56,185,85,127,79,37,38,19,29,11,19
1400000US06085504413,"Census Tract 5044.13, Santa Clara County, California",701,37,425,56,69,38,160,58,88,45,108,50,0,132,0,132,0,132,276,59,144,41,44,28,0,132,37,44,39,35,0,132,12,16
1400000US06085504414,"Census Tract 5044.14, Santa Clara County, California",1477,60,1201,115,97,50,255,71,342,103,333,100,65,45,103,66,6,9,276,95,15,23,33,28,23,20,154,84,31,40,9,15,11,19
1400000US06085504415,"Census Tract 5044.15, Santa Clara County, California",1593,53,1266,124,239,80,336,98,290,92,233,94,108,68,34,34,26,31,327,114,11,17,11,19,111,77,73,53,60,54,8,14,53,61
1400000US06085504416,"Census Tract 5044.16, Santa Clara County, California",1059,72,894,118,84,47,203,91,246,120,309,88,43,45,9,14,0,132,165,81,0,132,12,20,109,73,26,31,8,14,10,20,0,132
1400000US06085504417,"Census Tract 5044.17, Santa Clara County, California",73,33,62,32,10,16,10,15,21,22,10,15,0,132,0,132,11,17,11,16,0,132,0,132,0,132,0,132,0,132,11,16,0,132
1400000US06085504418,"Census Tract 5044.18, Santa Clara County, California",1269,100,566,136,118,60,138,65,137,69,51,34,65,54,22,31,35,37,703,149,175,132,114,75,97,70,172,98,37,38,31,42,77,73
1400000US06085504420,"Census Tract 5044.20, Santa Clara County, California",1365,80,996,119,134,62,157,57,255,78,338,107,16,26,46,41,50,50,369,135,57,52,128,84,74,66,110,85,0,132,0,132,0,132
1400000US06085504421,"Census Tract 5044.21, Santa Clara County, California",1344,63,1055,125,147,70,293,90,155,63,270,81,84,54,62,42,44,35,289,114,23,26,94,87,26,31,57,36,89,82,0,132,0,132
1400000US06085504422,"Census Tract 5044.22, Santa Clara County, California",1049,38,610,116,35,24,213,71,86,62,132,54,49,36,4,8,91,70,439,112,65,50,87,54,99,53,97,67,77,66,0,132,14,20
1400000US06085504423,"Census Tract 5044.23, Santa Clara County, California",589,65,480,82,26,28,159,78,60,46,48,39,102,56,51,36,34,30,109,80,8,17,12,20,63,69,14,21,12,19,0,132,0,132
1400000US06085504504,"Census Tract 5045.04, Santa Clara County, California",2069,148,877,126,156,62,238,79,254,81,170,93,33,30,16,20,10,13,1192,149,230,102,376,113,242,85,189,98,124,80,18,19,13,17
1400000US06085504505,"Census Tract 5045.05, Santa Clara County, California",1099,71,839,98,89,65,163,69,170,75,230,85,77,55,62,42,48,35,260,95,35,35,57,40,39,42,85,57,15,18,29,34,0,132
1400000US06085504506,"Census Tract 5045.06, Santa Clara County, California",2091,147,1057,121,268,66,306,91,189,70,145,66,74,66,28,33,47,44,1034,154,190,78,337,105,292,112,116,58,99,71,0,132,0,132
1400000US06085504507,"Census Tract 5045.07, Santa Clara County, California",1677,61,1289,116,129,77,290,105,192,89,368,109,218,88,39,31,53,53,388,92,119,68,112,63,96,75,12,19,32,45,7,13,10,17
1400000US06085504601,"Census Tract 5046.01, Santa Clara County, California",367,55,314,52,101,66,119,37,32,12,22,35,40,34,0,132,0,132,53,36,25,23,15,24,0,132,13,18,0,132,0,132,0,132
1400000US06085504602,"Census Tract 5046.02, Santa Clara County, California",501,51,234,69,35,39,29,32,64,42,68,52,6,17,11,18,21,37,267,74,56,47,128,71,74,46,9,15,0,132,0,132,0,132
1400000US06085504700,"Census Tract 5047, Santa Clara County, California",73,47,0,132,0,132,0,132,0,132,0,132,0,132,0,132,0,132,73,47,0,132,19,20,18,21,36,47,0,132,0,132,0,132
1400000US06085504802,"Census Tract 5048.02, Santa Clara County, California",1746,91,1132,119,333,106,301,89,169,84,148,59,74,54,74,55,33,29,614,117,89,86,187,73,159,92,118,82,23,34,0,132,38,41
1400000US06085504803,"Census Tract 5048.03, Santa Clara County, California",2554,71,1081,122,319,99,331,96,246,93,97,52,10,15,9,16,69,52,1473,128,495,142,486,155,322,112,86,68,24,40,60,63,0,132
1400000US06085504805,"Census Tract 5048.05, Santa Clara County, California",2315,97,2021,145,732,187,622,155,255,120,231,103,97,89,35,42,49,65,294,124,38,48,104,78,152,123,0,132,0,132,0,132,0,132
1400000US06085504806,"Census Tract 5048.06, Santa Clara County, California",775,44,620,74,45,40,151,63,86,66,129,76,109,69,26,31,74,63,155,66,67,46,0,132,5,9,11,21,32,42,0,132,40,51
1400000US06085504901,"Census Tract 5049.01, Santa Clara County, California",3344,194,1295,165,269,125,375,105,343,126,247,77,52,80,0,132,9,15,2049,198,593,164,660,171,460,172,307,158,29,33,0,132,0,132
1400000US06085505001,"Census Tract 5050.01, Santa Clara County, California",3054,177,1654,210,266,89,556,115,322,142,273,125,89,65,100,84,48,54,1400,235,418,147,425,141,223,121,137,93,55,65,11,19,131,104
1400000US06085505006,"Census Tract 5050.06, Santa Clara County, California",1801,107,571,99,306,80,144,56,76,42,45,34,0,132,0,132,0,132,1230,119,426,137,428,124,279,111,97,70,0,132,0,132,0,132
1400000US06085505007,"Census Tract 5050.07, Santa Clara County, California",989,51,673,81,61,49,154,69,156,77,152,67,85,54,26,25,39,36,316,82,69,63,72,64,28,33,41,32,79,61,12,21,15,23
1400000US06085505008,"Census Tract 5050.08, Santa Clara County, California",2287,148,17,27,0,132,17,27,0,132,0,132,0,132,0,132,0,132,2270,151,682,163,1181,173,266,98,141,68,0,132,0,132,0,132
1400000US06085505009,"Census Tract 5050.09, Santa Clara County, California",2202,157,1287,158,269,108,380,93,264,107,246,79,33,35,58,46,37,60,915,146,160,96,405,143,174,79,144,97,9,16,11,18,12,21
1400000US06085505100,"Census Tract 5051, Santa Clara County, California",1370,57,552,115,297,112,183,72,33,31,31,33,8,12,0,132,0,132,818,111,285,81,323,114,68,49,74,49,50,45,0,132,18,26
1400000US06085505202,"Census Tract 5052.02, Santa Clara County, California",2139,134,518,135,185,110,83,59,94,82,58,58,30,44,39,52,29,48,1621,183,571,137,289,119,383,151,176,132,122,115,0,132,80,52
1400000US06085505203,"Census Tract 5052.03, Santa Clara County, California",1152,87,550,110,108,57,250,95,108,47,35,38,38,32,0,132,11,16,602,127,264,76,161,71,85,81,25,23,27,36,21,34,19,30
1400000US06085505301,"Census Tract 5053.01, Santa Clara County, California",1329,73,682,97,68,43,228,79,111,57,152,64,100,57,0,132,23,33,647,103,112,77,139,78,163,88,172,78,0,132,0,132,61,66
1400000US06085505302,"Census Tract 5053.02, Santa Clara County, California",1378,77,1083,94,264,81,337,91,180,75,189,77,60,41,18,21,35,35,295,89,49,36,95,55,0,132,111,61,13,18,27,41,0,132
1400000US06085505303,"Census Tract 5053.03, Santa Clara County, California",2164,97,794,129,244,94,270,79,79,53,97,65,64,47,30,37,10,16,1370,115,383,132,231,112,362,140,212,111,86,70,77,71,19,26
1400000US06085505304,"Census Tract 5053.04, Santa Clara County, California",1037,68,885,92,229,68,187,68,186,62,171,69,77,53,35,31,0,132,152,73,14,22,50,60,68,56,5,12,15,24,0,132,0,132
1400000US06085505305,"Census Tract 5053.05, Santa Clara County, California",2049,128,1117,135,157,94,309,94,233,102,251,73,127,67,27,27,13,19,932,159,363,168,290,138,89,60,108,61,0,132,29,42,53,84
1400000US06085505401,"Census Tract 5054.01, Santa Clara County, California",2512,98,672,168,225,104,132,62,178,105,120,72,17,27,0,132,0,132,1840,181,501,203,711,229,419,149,166,110,43,44,0,132,0,132
1400000US06085505402,"Census Tract 5054.02, Santa Clara County, California",1098,89,626,84,104,42,170,56,113,59,184,63,43,36,0,132,12,19,472,106,101,63,165,83,119,57,24,31,0,132,63,72,0,132
1400000US06085505403,"Census Tract 5054.03, Santa Clara County, California",2579,157,733,155,281,113,180,102,130,64,108,67,34,39,0,132,0,132,1846,192,463,148,673,195,321,118,295,114,36,36,43,67,15,25
1400000US06085505500,"Census Tract 5055, Santa Clara County, California",1552,94,869,124,246,90,298,80,127,59,136,68,62,53,0,132,0,132,683,122,210,107,284,106,45,32,48,35,49,47,47,67,0,132
1400000US06085505600,"Census Tract 5056, Santa Clara County, California",1247,86,354,72,83,41,154,80,63,51,45,61,9,14,0,132,0,132,893,103,442,93,281,112,94,69,43,52,24,40,9,15,0,132
1400000US06085505700,"Census Tract 5057, Santa Clara County, California",2383,86,761,159,261,97,191,71,133,96,104,64,64,54,8,16,0,132,1622,156,757,214,455,154,196,106,164,99,33,38,17,23,0,132
1400000US06085505800,"Census Tract 5058, Santa Clara County, California",1506,76,1049,96,215,76,369,92,244,95,130,65,77,46,9,14,5,11,457,118,126,99,159,77,90,55,76,62,6,11,0,132,0,132
1400000US06085505900,"Census Tract 5059, Santa Clara County, California",2992,146,1098,159,225,90,443,135,153,76,129,94,91,71,19,29,38,43,1894,192,906,175,484,165,281,129,114,87,94,100,15,26,0,132
1400000US06085506000,"Census Tract 5060, Santa Clara County, California",1905,53,938,132,227,85,307,117,141,73,203,92,48,38,12,18,0,132,967,123,384,122,348,125,111,63,70,58,42,34,12,18,0,132
1400000US06085506101,"Census Tract 5061.01, Santa Clara County, California",1721,73,1162,108,277,81,427,83,172,62,224,88,38,36,24,25,0,132,559,101,113,57,168,74,140,75,78,54,41,55,19,26,0,132
1400000US06085506102,"Census Tract 5061.02, Santa Clara County, California",1607,72,1122,119,282,94,455,111,250,87,115,58,20,26,0,132,0,132,485,111,154,78,108,52,87,59,90,66,31,41,15,21,0,132
1400000US06085506103,"Census Tract 5061.03, Santa Clara County, California",1679,67,1060,114,211,75,300,90,195,67,288,67,45,39,21,30,0,132,619,110,154,81,145,59,199,100,74,65,44,34,3,9,0,132
1400000US06085506202,"Census Tract 5062.02, Santa Clara County, California",2455,91,1652,171,271,101,522,114,351,125,446,120,48,39,0,132,14,22,803,188,188,94,311,148,109,83,66,73,129,109,0,132,0,132
1400000US06085506203,"Census Tract 5062.03, Santa Clara County, California",2305,137,510,103,180,89,174,85,79,59,77,49,0,132,0,132,0,132,1795,171,602,158,482,191,331,124,380,124,0,132,0,132,0,132
1400000US06085506204,"Census Tract 5062.04, Santa Clara County, California",2147,67,1268,181,247,96,555,149,181,75,268,122,17,21,0,132,0,132,879,183,212,118,142,77,236,131,238,113,19,29,21,26,11,18
1400000US06085506301,"Census Tract 5063.01, Santa Clara County, California",2381,113,756,158,316,120,180,74,37,36,192,115,28,32,0,132,3,11,1625,193,667,188,672,192,144,101,122,67,20,22,0,132,0,132
1400000US06085506302,"Census Tract 5063.02, Santa Clara County, California",2386,116,1561,170,275,105,511,136,312,129,330,97,112,70,0,132,21,29,825,166,212,108,347,127,161,109,77,51,28,34,0,132,0,132
1400000US06085506304,"Census Tract 5063.04, Santa Clara County, California",2022,115,345,74,113,48,78,46,71,55,75,59,8,16,0,132,0,132,1677,138,626,163,613,141,247,115,49,58,122,66,20,33,0,132
1400000US06085506305,"Census Tract 5063.05, Santa Clara County, California",2576,87,601,140,149,74,196,87,106,64,54,59,13,20,52,70,31,46,1975,155,548,159,481,159,383,134,345,104,90,88,69,75,59,62
1400000US06085506401,"Census Tract 5064.01, Santa Clara County, California",1868,119,655,105,200,77,270,72,77,48,88,47,20,23,0,132,0,132,1213,124,562,119,397,129,96,69,61,58,52,66,45,56,0,132
1400000US06085506402,"Census Tract 5064.02, Santa Clara County, California",2223,111,570,121,135,78,185,90,111,56,94,71,22,25,23,28,0,132,1653,139,542,143,579,153,273,114,138,86,121,72,0,132,0,132
1400000US06085506501,"Census Tract 5065.01, Santa Clara County, California",2409,122,635,129,170,81,202,78,98,65,148,88,17,25,0,132,0,132,1774,171,466,143,432,154,361,161,268,119,161,111,86,77,0,132
1400000US06085506502,"Census Tract 5065.02, Santa Clara County, California",1906,126,862,121,358,100,235,77,157,67,92,51,20,22,0,132,0,132,1044,153,332,79,544,139,122,64,31,35,15,23,0,132,0,132
1400000US06085506503,"Census Tract 5065.03, Santa Clara County, California",2636,117,849,138,161,81,381,119,144,90,142,74,14,23,7,15,0,132,1787,169,831,144,543,157,265,109,125,83,0,132,23,30,0,132
1400000US06085506601,"Census Tract 5066.01, Santa Clara County, California",1660,95,889,96,108,54,270,77,146,60,276,87,52,39,34,32,3,8,771,119,255,104,255,93,94,60,152,86,15,20,0,132,0,132
1400000US06085506603,"Census Tract 5066.03, Santa Clara County, California",1428,26,1151,103,229,70,339,87,255,68,261,82,52,32,15,18,0,132,277,104,15,22,59,35,75,54,57,47,22,25,49,52,0,132
1400000US06085506604,"Census Tract 5066.04, Santa Clara County, California",2625,78,1995,165,436,128,765,154,290,113,348,128,156,113,0,132,0,132,630,163,120,66,203,100,98,81,113,89,89,85,0,132,7,15
1400000US06085506605,"Census Tract 5066.05, Santa Clara County, California",1514,66,696,85,94,47,205,74,165,61,94,54,47,31,91,62,0,132,818,90,331,108,251,89,123,75,71,55,42,35,0,132,0,132
1400000US06085506606,"Census Tract 5066.06, Santa Clara County, California",1657,77,668,117,76,44,293,101,182,65,117,49,0,132,0,132,0,132,989,118,308,90,261,83,256,100,88,43,76,43,0,132,0,132
1400000US06085506701,"Census Tract 5067.01, Santa Clara County, California",1375,54,1136,90,169,77,320,60,227,86,310,112,88,45,22,25,0,132,239,77,64,46,45,34,72,44,38,37,20,21,0,132,0,132
1400000US06085506702,"Census Tract 5067.02, Santa Clara County, California",2048,130,1199,134,309,104,378,130,150,76,195,97,21,26,96,69,50,52,849,172,246,127,254,128,147,103,100,85,87,91,15,26,0,132
1400000US06085506703,"Census Tract 5067.03, Santa Clara County, California",1341,74,777,94,147,68,304,67,186,75,92,62,39,49,9,15,0,132,564,93,133,51,151,56,89,61,151,78,8,13,32,32,0,132
1400000US06085506801,"Census Tract 5068.01, Santa Clara County, California",2141,116,1591,126,354,125,502,103,218,115,336,90,132,53,49,39,0,132,550,116,234,91,163,71,95,75,25,28,33,51,0,132,0,132
1400000US06085506802,"Census Tract 5068.02, Santa Clara County, California",1890,67,1379,111,221,75,441,87,356,111,258,86,103,47,0,132,0,132,511,104,195,80,155,50,114,67,20,24,17,24,10,16,0,132
1400000US06085506803,"Census Tract 5068.03, Santa Clara County, California",2393,78,1793,167,233,81,643,134,335,143,418,128,113,67,51,50,0,132,600,178,146,107,246,117,64,60,61,69,83,87,0,132,0,132
1400000US06085506804,"Census Tract 5068.04, Santa Clara County, California",1359,49,1156,92,244,74,431,79,137,55,256,69,56,42,32,31,0,132,203,87,18,21,122,72,46,37,9,13,0,132,8,13,0,132
1400000US06085506900,"Census Tract 5069, Santa Clara County, California",2638,122,2210,171,274,94,899,137,262,115,443,107,270,120,62,48,0,132,428,139,222,102,98,96,33,37,28,34,0,132,47,69,0,132
1400000US06085507001,"Census Tract 5070.01, Santa Clara County, California",3100,160,2009,183,536,144,846,144,268,126,254,100,105,68,0,132,0,132,1091,171,500,143,411,139,71,59,51,57,10,18,48,62,0,132
1400000US06085507002,"Census Tract 5070.02, Santa Clara County, California",1026,69,915,76,143,59,340,84,193,68,184,57,18,17,27,26,10,19,111,52,0,132,66,36,17,19,18,24,10,17,0,132,0,132
1400000US06085507100,"Census Tract 5071, Santa Clara County, California",1241,104,441,73,82,44,179,60,80,44,59,37,41,30,0,132,0,132,800,109,501,110,165,87,116,59,18,22,0,132,0,132,0,132
1400000US06085507203,"Census Tract 5072.03, Santa Clara County, California",874,112,482,96,108,58,157,70,49,31,128,53,11,18,17,21,12,19,392,100,199,87,67,39,47,32,52,69,17,25,0,132,10,15
1400000US06085507205,"Census Tract 5072.05, Santa Clara County, California",1880,101,1570,123,345,96,660,100,225,77,197,66,133,73,0,132,10,16,310,107,139,81,115,82,18,22,38,29,0,132,0,132,0,132
1400000US06085507206,"Census Tract 5072.06, Santa Clara County, California",975,80,898,85,82,44,390,118,101,48,265,85,58,39,2,16,0,132,77,46,58,46,0,132,9,16,10,16,0,132,0,132,0,132
1400000US06085507301,"Census Tract 5073.01, Santa Clara County, California",2426,91,1764,155,125,68,692,131,437,114,347,142,74,45,69,35,20,31,662,154,263,105,156,78,94,71,95,79,54,53,0,132,0,132
1400000US06085507302,"Census Tract 5073.02, Santa Clara County, California",960,56,840,78,137,65,333,68,205,73,137,54,8,15,20,24,0,132,120,63,89,47,11,16,20,37,0,132,0,132,0,132,0,132
1400000US06085507401,"Census Tract 5074.01, Santa Clara County, California",1844,59,1740,91,294,85,567,93,254,87,470,97,122,56,18,19,15,22,104,58,8,12,37,31,10,16,38,41,11,17,0,132,0,132
1400000US06085507402,"Census Tract 5074.02, Santa Clara County, California",1393,72,1118,113,222,78,374,89,188,68,261,65,73,38,0,132,0,132,275,99,122,71,95,57,36,43,12,18,0,132,10,16,0,132
1400000US06085507500,"Census Tract 5075, Santa Clara County, California",1930,80,1750,115,188,103,678,131,201,75,460,103,138,62,85,52,0,132,180,96,47,44,62,74,0,132,17,23,8,15,46,65,0,132
1400000US06085507600,"Census Tract 5076, Santa Clara County, California",1990,83,1712,121,182,73,723,103,272,89,387,109,141,107,7,12,0,132,278,97,23,37,75,59,26,31,127,74,10,18,17,27,0,132
1400000US06085507701,"Census Tract 5077.01, Santa Clara County, California",1384,66,1158,99,131,70,349,76,200,68,374,68,85,34,19,25,0,132,226,78,53,46,53,35,79,47,41,40,0,132,0,132,0,132
1400000US06085507702,"Census Tract 5077.02, Santa Clara County, California",2014,76,1900,93,152,78,550,112,553,136,465,105,102,60,36,39,42,37,114,81,0,132,15,24,58,70,31,32,10,16,0,132,0,132
1400000US06085507703,"Census Tract 5077.03, Santa Clara County, California",2515,144,1597,154,287,91,591,117,332,115,281,89,64,48,42,38,0,132,918,147,258,79,111,76,168,89,305,135,59,51,17,27,0,132
1400000US06085507805,"Census Tract 5078.05, Santa Clara County, California",1720,113,693,92,154,69,249,71,64,36,149,61,36,31,35,38,6,11,1027,126,212,88,247,94,358,111,162,71,48,29,0,132,0,132
1400000US06085507806,"Census Tract 5078.06, Santa Clara County, California",1877,102,680,95,34,33,179,54,209,93,146,73,98,52,14,21,0,132,1197,144,314,97,166,83,280,109,402,102,35,28,0,132,0,132
1400000US06085507807,"Census Tract 5078.07, Santa Clara County, California",1061,23,780,71,91,47,223,60,175,62,241,72,24,27,17,26,9,15,281,66,8,13,58,55,58,40,145,64,12,18,0,132,0,132
1400000US06085507808,"Census Tract 5078.08, Santa Clara County, California",1787,84,1419,110,191,82,358,84,320,83,440,94,95,62,15,19,0,132,368,89,37,33,78,55,107,70,139,70,0,132,7,13,0,132
1400000US06085507903,"Census Tract 5079.03, Santa Clara County, California",1644,30,1464,86,191,72,427,82,416,100,347,89,58,39,25,27,0,132,180,81,22,25,22,24,8,13,91,64,11,16,26,36,0,132
1400000US06085507904,"Census Tract 5079.04, Santa Clara County, California",1117,16,958,75,63,40,283,75,195,69,323,77,65,47,22,24,7,13,159,74,63,54,13,21,0,132,37,37,46,45,0,132,0,132
1400000US06085507905,"Census Tract 5079.05, Santa Clara County, California",2179,83,1159,139,150,74,271,91,276,94,338,88,34,32,90,91,0,132,1020,162,261,108,248,111,282,123,154,74,75,76,0,132,0,132
1400000US06085507906,"Census Tract 5079.06, Santa Clara County, California",1424,48,1176,82,188,73,241,82,291,82,229,68,146,53,60,53,21,23,248,90,49,52,47,39,48,34,84,51,20,17,0,132,0,132
1400000US06085508001,"Census Tract 5080.01, Santa Clara County, California",2715,131,1647,178,364,101,455,118,428,164,315,104,53,44,0,132,32,43,1068,169,361,134,325,118,171,81,122,64,56,50,33,41,0,132
1400000US06085508003,"Census Tract 5080.03, Santa Clara County, California",755,26,246,101,17,23,72,47,77,54,80,72,0,132,0,132,0,132,509,97,55,55,103,71,181,102,91,72,15,28,64,39,0,132
1400000US06085508004,"Census Tract 5080.04, Santa Clara County, California",2093,129,1222,136,177,77,445,127,220,81,217,93,125,86,38,44,0,132,871,147,136,83,195,123,332,149,153,96,55,41,0,132,0,132
1400000US06085508101,"Census Tract 5081.01, Santa Clara County, California",2278,109,1292,182,324,110,262,103,304,107,221,80,133,90,27,24,21,30,986,181,267,128,102,72,141,90,363,126,7,14,70,74,36,59
1400000US06085508102,"Census Tract 5081.02, Santa Clara County, California",1174,61,529,72,83,45,169,68,146,63,108,45,23,25,0,132,0,132,645,77,214,68,190,71,168,64,73,45,0,132,0,132,0,132
1400000US06085508202,"Census Tract 5082.02, Santa Clara County, California",2800,123,1872,155,422,111,700,153,299,106,267,105,170,113,14,23,0,132,928,173,147,87,346,139,221,101,142,93,72,73,0,132,0,132
1400000US06085508203,"Census Tract 5082.03, Santa Clara County, California",1863,35,1273,97,215,66,494,91,200,84,298,76,52,39,14,21,0,132,590,97,109,52,163,80,128,54,93,69,41,30,56,57,0,132
1400000US06085508204,"Census Tract 5082.04, Santa Clara County, California",1514,67,1195,97,207,86,377,84,294,93,276,90,41,32,0,132,0,132,319,94,67,46,30,31,92,66,80,50,50,67,0,132,0,132
1400000US06085508301,"Census Tract 5083.01, Santa Clara County, California",1532,63,1248,90,191,69,499,93,198,77,234,75,117,56,9,14,0,132,284,90,150,69,53,39,11,17,33,39,37,35,0,132,0,132
1400000US06085508303,"Census Tract 5083.03, Santa Clara County, California",893,26,798,53,141,51,372,65,46,34,129,50,91,40,19,22,0,132,95,55,23,24,22,27,35,45,15,22,0,132,0,132,0,132
1400000US06085508304,"Census Tract 5083.04, Santa Clara County, California",2764,148,923,136,214,91,314,98,179,86,161,85,47,53,8,15,0,132,1841,192,547,149,508,151,360,128,314,133,99,89,13,20,0,132
1400000US06085508401,"Census Tract 5084.01, Santa Clara County, California",2449,113,1505,158,295,95,576,116,244,90,185,89,158,89,36,35,11,16,944,163,385,113,203,119,84,56,182,95,90,77,0,132,0,132
1400000US06085508403,"Census Tract 5084.03, Santa Clara County, California",990,60,921,67,164,59,371,70,156,54,179,55,25,27,26,24,0,132,69,46,18,22,16,22,12,19,23,25,0,132,0,132,0,132
1400000US06085508404,"Census Tract 5084.04, Santa Clara County, California",2318,105,1390,126,290,106,385,96,274,88,314,85,73,54,54,39,0,132,928,156,310,108,359,123,150,95,104,89,0,132,0,132,5,12
1400000US06085508503,"Census Tract 5085.03, Santa Clara County, California",2829,112,801,142,247,108,260,96,113,70,170,76,11,22,0,132,0,132,2028,162,966,202,585,195,168,87,221,106,88,82,0,132,0,132
1400000US06085508504,"Census Tract 5085.04, Santa Clara County, California",3149,115,375,90,75,50,176,83,60,47,64,52,0,132,0,132,0,132,2774,139,780,177,996,214,577,173,299,134,35,32,61,44,26,32
1400000US06085508505,"Census Tract 5085.05, Santa Clara County, California",1931,82,1042,111,203,69,469,102,206,68,97,54,13,17,21,24,33,34,889,123,253,81,380,115,181,96,40,36,22,25,0,132,13,22
1400000US06085508507,"Census Tract 5085.07, Santa Clara County, California",1543,39,471,122,225,107,142,126,85,50,0,132,19,30,0,132,0,132,1072,135,358,119,342,141,280,128,92,56,0,132,0,132,0,132
1400000US06085508508,"Census Tract 5085.08, Santa Clara County, California",1748,131,623,117,134,74,259,79,120,62,52,39,58,42,0,132,0,132,1125,145,249,120,236,115,307,140,275,110,58,49,0,132,0,132
1400000US06085508601,"Census Tract 5086.01, Santa Clara County, California",1382,62,804,105,180,63,266,81,155,59,124,62,62,48,17,19,0,132,578,106,154,66,215,78,91,55,95,60,0,132,0,132,23,32
1400000US06085508602,"Census Tract 5086.02, Santa Clara County, California",1716,129,670,134,220,104,129,59,126,61,178,80,17,21,0,132,0,132,1046,163,513,120,276,130,97,68,95,59,56,58,9,16,0,132
1400000US06085508703,"Census Tract 5087.03, Santa Clara County, California",2980,140,1485,166,293,129,755,152,211,90,138,81,66,52,13,19,9,16,1495,179,412,136,427,152,440,156,114,97,102,72,0,132,0,132
1400000US06085508704,"Census Tract 5087.04, Santa Clara County, California",2288,129,360,87,96,69,136,64,73,49,37,45,18,31,0,132,0,132,1928,147,806,157,578,139,395,154,75,79,74,77,0,132,0,132
1400000US06085508800,"Census Tract 5088, Santa Clara County, California",1421,80,428,68,107,54,163,80,78,53,33,25,47,40,0,132,0,132,993,97,309,119,303,96,91,50,188,80,62,35,35,53,5,12
1400000US06085508900,"Census Tract 5089, Santa Clara County, California",1799,74,851,133,197,77,258,83,149,95,89,55,68,51,51,50,39,34,948,153,332,116,164,83,168,93,142,77,11,16,46,54,85,83
1400000US06085509000,"Census Tract 5090, Santa Clara County, California",2572,77,1363,125,269,87,375,108,270,95,278,114,155,67,0,132,16,23,1209,134,237,95,298,124,220,124,308,139,76,62,0,132,70,75
1400000US06085509102,"Census Tract 5091.02, Santa Clara County, California",2323,129,904,157,422,130,276,96,162,66,44,44,0,132,0,132,0,132,1419,162,422,149,600,154,290,109,48,45,9,18,50,52,0,132
1400000US06085509105,"Census Tract 5091.05, Santa Clara County, California",3075,93,964,132,352,104,332,85,27,31,174,106,79,55,0,132,0,132,2111,153,824,165,747,187,201,102,248,123,55,54,36,49,0,132
1400000US06085509106,"Census Tract 5091.06, Santa Clara County, California",1612,86,613,116,52,37,198,74,194,96,138,79,31,33,0,132,0,132,999,131,423,104,268,92,195,85,55,51,17,25,29,26,12,19
1400000US06085509107,"Census Tract 5091.07, Santa Clara County, California",1994,82,32,35,15,27,11,18,0,132,6,12,0,132,0,132,0,132,1962,88,683,190,509,146,450,132,222,72,59,68,39,65,0,132
1400000US06085509108,"Census Tract 5091.08, Santa Clara County, California",1657,135,509,103,120,60,193,61,124,50,56,45,16,23,0,132,0,132,1148,149,345,109,384,120,265,103,93,61,51,72,10,17,0,132
1400000US06085509109,"Census Tract 5091.09, Santa Clara County, California",1760,88,944,123,300,79,216,76,266,87,104,73,58,47,0,132,0,132,816,119,258,82,273,90,176,79,55,40,54,58,0,132,0,132
1400000US06085509201,"Census Tract 5092.01, Santa Clara County, California",2101,141,1017,136,530,141,181,108,109,72,167,107,30,43,0,132,0,132,1084,149,610,170,324,133,76,59,74,54,0,132,0,132,0,132
1400000US06085509202,"Census Tract 5092.02, Santa Clara County, California",1695,81,786,119,168,74,230,86,217,73,70,46,29,23,40,34,32,24,909,121,476,122,184,89,78,45,107,55,9,14,7,13,48,28
1400000US06085509302,"Census Tract 5093.02, Santa Clara County, California",1171,50,715,80,150,62,252,65,156,67,144,60,0,132,13,15,0,132,456,93,181,62,172,66,84,63,0,132,0,132,0,132,19,27
1400000US06085509303,"Census Tract 5093.03, Santa Clara County, California",1747,82,427,103,200,57,109,58,50,43,42,43,17,19,0,132,9,15,1320,120,708,113,350,102,124,88,85,69,40,28,13,21,0,132
1400000US06085509304,"Census Tract 5093.04, Santa Clara County, California",1160,66,466,78,180,58,170,55,30,26,86,49,0,132,0,132,0,132,694,101,150,84,269,77,96,73,50,52,52,59,77,56,0,132
1400000US06085509401,"Census Tract 5094.01, Santa Clara County, California",1527,85,363,75,94,51,94,36,29,29,98,60,31,42,0,132,17,21,1164,106,681,105,264,97,112,62,107,62,0,132,0,132,0,132
1400000US06085509403,"Census Tract 5094.03, Santa Clara County, California",1973,94,205,77,90,56,86,56,18,28,0,132,0,132,11,22,0,132,1768,120,528,142,649,172,304,126,144,79,111,91,0,132,32,39
1400000US06085509404,"Census Tract 5094.04, Santa Clara County, California",2678,117,917,186,403,125,255,83,150,73,76,47,33,36,0,132,0,132,1761,207,574,153,585,177,182,83,195,129,159,106,28,45,38,63
1400000US06085509500,"Census Tract 5095, Santa Clara County, California",2245,106,544,107,67,58,221,78,135,79,108,76,13,20,0,132,0,132,1701,138,565,142,544,158,330,148,111,76,91,63,60,91,0,132
1400000US06085509600,"Census Tract 5096, Santa Clara County, California",1268,101,450,83,118,51,198,59,42,37,39,34,53,35,0,132,0,132,818,124,365,111,332,106,112,71,9,16,0,132,0,132,0,132
1400000US06085509700,"Census Tract 5097, Santa Clara County, California",1374,66,660,82,172,71,187,53,154,69,109,51,31,29,7,13,0,132,714,96,442,108,154,77,18,21,56,61,35,33,9,15,0,132
1400000US06085509801,"Census Tract 5098.01, Santa Clara County, California",2087,83,1218,134,300,89,365,82,229,101,293,75,31,36,0,132,0,132,869,136,289,109,349,99,139,81,32,37,13,22,47,44,0,132
1400000US06085509802,"Census Tract 5098.02, Santa Clara County, California",1096,55,643,97,160,58,283,84,110,49,80,52,10,16,0,132,0,132,453,98,164,74,127,72,77,47,44,33,0,132,41,49,0,132
1400000US06085509901,"Census Tract 5099.01, Santa Clara County, California",647,55,509,64,110,58,157,54,73,51,128,44,29,30,12,17,0,132,138,57,52,44,0,132,57,39,29,27,0,132,0,132,0,132
1400000US06085509902,"Census Tract 5099.02, Santa Clara County, California",1788,72,1330,119,283,85,448,81,225,77,256,66,79,43,29,27,10,17,458,123,177,78,119,76,124,75,24,24,14,21,0,132,0,132
1400000US06085510001,"Census Tract 5100.01, Santa Clara County, California",2122,48,2054,64,286,82,700,115,421,107,485,107,126,59,36,35,0,132,68,47,16,24,28,30,16,25,8,14,0,132,0,132,0,132
1400000US06085510002,"Census Tract 5100.02, Santa Clara County, California",1269,59,1071,84,120,69,440,78,140,54,249,75,76,47,32,31,14,21,198,73,45,40,89,55,12,18,28,30,12,18,12,18,0,132
1400000US06085510100,"Census Tract 5101, Santa Clara County, California",1106,42,1064,55,131,52,486,76,109,46,256,68,49,36,33,35,0,132,42,34,13,20,12,19,0,132,11,19,0,132,6,10,0,132
1400000US06085510200,"Census Tract 5102, Santa Clara County, California",1488,61,1458,68,264,76,532,91,189,86,369,85,86,45,11,17,7,13,30,29,0,132,0,132,10,17,20,23,0,132,0,132,0,132
1400000US06085510300,"Census Tract 5103, Santa Clara County, California",1602,87,1186,110,302,96,465,88,154,62,156,64,101,50,8,13,0,132,416,111,145,75,57,40,55,44,128,74,31,32,0,132,0,132
1400000US06085510400,"Census Tract 5104, Santa Clara County, California",1133,42,1009,59,162,82,405,81,97,56,248,66,77,44,20,29,0,132,124,48,50,25,30,33,10,18,20,23,0,132,14,18,0,132
1400000US06085510500,"Census Tract 5105, Santa Clara County, California",1781,84,1334,96,255,77,662,104,85,51,248,74,33,26,51,37,0,132,447,91,240,74,101,50,40,48,27,26,30,28,9,12,0,132
1400000US06085510600,"Census Tract 5106, Santa Clara County, California",2317,107,1411,137,295,93,496,117,210,80,259,79,53,40,98,71,0,132,906,134,203,83,259,114,220,110,139,70,85,73,0,132,0,132
1400000US06085510700,"Census Tract 5107, Santa Clara County, California",1810,111,667,103,180,66,157,64,82,60,173,60,37,32,38,36,0,132,1143,133,546,119,365,129,100,78,90,55,42,32,0,132,0,132
1400000US06085510801,"Census Tract 5108.01, Santa Clara County, California",1693,98,1455,110,151,60,664,104,249,76,287,75,83,38,21,21,0,132,238,78,22,25,20,24,77,58,75,45,34,29,10,16,0,132
1400000US06085510802,"Census Tract 5108.02, Santa Clara County, California",759,20,546,58,108,56,189,48,59,33,171,54,19,23,0,132,0,132,213,58,110,47,47,29,24,23,19,20,0,132,13,18,0,132
1400000US06085510803,"Census Tract 5108.03, Santa Clara County, California",1027,51,588,75,107,46,129,56,84,50,230,72,38,31,0,132,0,132,439,85,191,72,108,55,64,48,69,62,7,13,0,132,0,132
1400000US06085510900,"Census Tract 5109, Santa Clara County, California",1984,91,1177,113,235,84,527,114,121,68,213,90,68,57,13,18,0,132,807,141,237,84,157,83,225,89,90,65,86,48,12,19,0,132
1400000US06085511000,"Census Tract 5110, Santa Clara County, California",2225,132,1378,133,258,106,395,101,362,105,214,82,92,48,44,48,13,22,847,139,312,119,242,113,82,50,127,80,84,56,0,132,0,132
1400000US06085511100,"Census Tract 5111, Santa Clara County, California",1860,77,1643,107,281,91,565,85,289,78,312,81,174,75,22,22,0,132,217,90,0,132,104,84,37,29,28,27,8,14,40,60,0,132
1400000US06085511200,"Census Tract 5112, Santa Clara County, California",1794,63,1513,103,242,80,458,85,292,95,326,85,121,53,63,48,11,17,281,94,97,66,99,49,47,41,25,26,0,132,13,20,0,132
1400000US06085511301,"Census Tract 5113.01, Santa Clara County, California",1616,124,837,119,264,94,210,77,117,64,191,69,55,45,0,132,0,132,779,148,413,113,294,125,40,46,16,26,16,26,0,132,0,132
1400000US06085511302,"Census Tract 5113.02, Santa Clara County, California",2341,138,790,149,336,108,230,91,146,94,75,49,3,13,0,132,0,132,1551,172,1038,164,398,121,47,45,55,44,13,20,0,132,0,132
1400000US06085511400,"Census Tract 5114, Santa Clara County, California",1346,74,1027,79,179,62,386,80,208,74,160,72,58,36,0,132,36,32,319,83,118,51,101,56,20,24,64,46,10,16,0,132,6,11
1400000US06085511500,"Census Tract 5115, Santa Clara County, California",2764,160,1530,160,242,90,633,122,208,91,423,112,12,19,12,18,0,132,1234,189,587,161,393,130,165,120,76,53,0,132,13,22,0,132
1400000US06085511608,"Census Tract 5116.08, Santa Clara County, California",239,82,0,132,0,132,0,132,0,132,0,132,0,132,0,132,0,132,239,82,170,68,59,63,0,132,0,132,10,16,0,132,0,132
1400000US06085511609,"Census Tract 5116.09, Santa Clara County, California",1773,125,217,70,125,64,92,40,0,132,0,132,0,132,0,132,0,132,1556,134,756,142,470,113,206,81,103,53,21,22,0,132,0,132
1400000US06085511701,"Census Tract 5117.01, Santa Clara County, California",1426,77,1283,91,103,54,556,105,145,64,378,80,74,59,27,27,0,132,143,64,17,20,53,43,39,34,24,28,10,15,0,132,0,132
1400000US06085511702,"Census Tract 5117.02, Santa Clara County, California",952,63,870,78,68,44,384,61,139,73,187,60,53,33,25,26,14,19,82,51,0,132,26,23,23,34,0,132,21,21,0,132,12,18
1400000US06085511704,"Census Tract 5117.04, Santa Clara County, California",1592,111,1478,131,132,84,650,129,402,119,196,67,49,41,0,132,49,50,114,58,0,132,10,16,42,48,46,37,16,25,0,132,0,132
1400000US06085511705,"Census Tract 5117.05, Santa Clara County, California",340,33,293,58,46,41,209,68,38,44,0,132,0,132,0,132,0,132,47,54,15,23,0,132,0,132,0,132,32,50,0,132,0,132
1400000US06085511707,"Census Tract 5117.07, Santa Clara County, California",1130,70,1020,78,245,70,372,87,123,51,217,71,63,35,0,132,0,132,110,61,50,47,49,38,0,132,5,7,3,4,3,5,0,132
1400000US06085511800,"Census Tract 5118, Santa Clara County, California",1539,123,1244,139,210,91,552,120,220,84,169,83,13,17,74,59,6,11,295,101,127,75,83,49,45,36,26,29,9,15,5,10,0,132
1400000US06085511905,"Census Tract 5119.05, Santa Clara County, California",1062,55,898,64,130,64,347,75,139,62,175,75,94,56,0,132,13,18,164,81,61,40,52,55,17,26,23,27,0,132,11,17,0,132
1400000US06085511907,"Census Tract 5119.07, Santa Clara County, California",1346,23,1224,56,189,59,376,87,146,57,348,79,134,58,22,26,9,12,122,52,0,132,34,35,23,27,37,32,28,24,0,132,0,132
1400000US06085511909,"Census Tract 5119.09, Santa Clara County, California",2677,67,2569,95,177,104,832,146,473,138,698,143,320,103,69,58,0,132,108,83,17,26,12,21,45,70,15,24,19,29,0,132,0,132
1400000US06085511910,"Census Tract 5119.10, Santa Clara County, California",1022,39,979,55,92,54,357,68,231,79,184,65,115,49,0,132,0,132,43,36,0,132,9,14,19,20,1,18,14,21,0,132,0,132
1400000US06085511911,"Census Tract 5119.11, Santa Clara County, California",1786,91,1434,100,378,94,434,96,311,85,239,74,51,49,14,21,7,12,352,94,120,69,60,47,71,45,57,42,44,46,0,132,0,132
1400000US06085511912,"Census Tract 5119.12, Santa Clara County, California",1756,37,1441,115,157,69,327,95,362,95,396,100,151,70,48,45,0,132,315,110,23,27,92,51,56,68,106,75,0,132,38,58,0,132
1400000US06085511913,"Census Tract 5119.13, Santa Clara County, California",1448,27,1412,40,115,59,514,76,186,66,365,94,156,72,68,54,8,14,36,28,18,19,0,132,0,132,0,132,8,13,0,132,10,17
1400000US06085511914,"Census Tract 5119.14, Santa Clara County, California",1982,40,1846,81,112,51,756,101,363,87,430,98,118,61,67,50,0,132,136,70,35,54,48,39,15,24,29,23,0,132,9,16,0,132
1400000US06085511915,"Census Tract 5119.15, Santa Clara County, California",1268,57,421,93,141,51,136,72,29,37,74,59,41,56,0,132,0,132,847,104,248,85,100,67,281,120,39,43,179,118,0,132,0,132
1400000US06085511916,"Census Tract 5119.16, Santa Clara County, California",1645,71,1236,131,306,107,382,108,161,76,293,83,46,34,30,40,18,23,409,128,200,90,65,56,89,67,55,50,0,132,0,132,0,132
1400000US06085512001,"Census Tract 5120.01, Santa Clara County, California",2021,45,1788,102,227,104,459,110,301,100,535,150,181,98,76,54,9,15,233,94,27,36,65,63,31,46,56,43,0,132,54,59,0,132
1400000US06085512005,"Census Tract 5120.05, Santa Clara County, California",2211,37,1874,116,328,93,636,129,300,114,308,128,120,61,72,63,110,72,337,111,66,64,40,37,82,55,71,51,53,59,0,132,25,24
1400000US06085512017,"Census Tract 5120.17, Santa Clara County, California",2123,99,1249,163,115,58,269,83,290,112,280,103,154,98,42,40,99,66,874,164,10,17,148,88,169,101,309,127,152,97,64,70,22,31
1400000US06085512019,"Census Tract 5120.19, Santa Clara County, California",1581,55,1073,118,145,56,397,102,201,68,152,62,148,59,0,132,30,28,508,111,42,30,170,98,159,89,67,54,70,74,0,132,0,132
1400000US06085512020,"Census Tract 5120.20, Santa Clara County, California",2744,113,336,79,34,43,37,38,116,76,56,33,63,42,20,22,10,20,2408,127,875,175,740,180,437,175,187,97,35,44,80,60,54,53
1400000US06085512021,"Census Tract 5120.21, Santa Clara County, California",2064,69,1753,156,406,127,576,140,319,118,225,114,137,74,48,38,42,46,311,150,0,132,114,101,67,70,75,67,0,132,31,47,24,31
1400000US06085512022,"Census Tract 5120.22, Santa Clara County, California",1770,91,1021,120,296,95,301,88,162,73,118,71,72,47,41,47,31,31,749,127,137,70,64,49,212,98,195,115,41,42,59,51,41,39
1400000US06085512023,"Census Tract 5120.23, Santa Clara County, California",1927,80,1197,147,313,112,380,116,197,95,244,101,63,57,0,132,0,132,730,159,57,50,147,80,86,48,259,130,91,75,40,37,50,58
1400000US06085512024,"Census Tract 5120.24, Santa Clara County, California",1650,79,1021,123,198,86,362,93,216,88,143,69,77,73,14,23,11,18,629,119,153,58,152,72,161,82,130,68,19,25,0,132,14,25
1400000US06085512025,"Census Tract 5120.25, Santa Clara County, California",1087,23,938,73,97,53,300,72,232,114,217,72,79,48,13,20,0,132,149,75,64,39,31,34,4,9,50,59,0,132,0,132,0,132
1400000US06085512026,"Census Tract 5120.26, Santa Clara County, California",1413,30,1055,138,275,97,225,80,273,113,134,76,60,51,49,50,39,45,358,140,28,37,150,92,80,76,67,63,33,53,0,132,0,132
1400000US06085512027,"Census Tract 5120.27, Santa Clara County, California",1563,65,510,86,39,34,133,54,100,54,179,71,59,45,0,132,0,132,1053,104,455,99,172,66,206,90,103,83,117,69,0,132,0,132
1400000US06085512029,"Census Tract 5120.29, Santa Clara County, California",2360,71,1903,172,458,149,614,153,248,129,341,130,97,65,56,56,89,68,457,187,31,36,0,132,160,121,53,58,138,129,17,27,58,71
1400000US06085512030,"Census Tract 5120.30, Santa Clara County, California",940,59,896,56,103,67,317,70,225,71,181,66,70,52,0,132,0,132,44,37,22,26,0,132,13,21,9,15,0,132,0,132,0,132
1400000US06085512031,"Census Tract 5120.31, Santa Clara County, California",1376,52,1200,82,104,46,376,112,396,76,174,70,53,41,59,41,38,47,176,81,8,14,0,132,79,51,52,60,8,14,0,132,29,43
1400000US06085512032,"Census Tract 5120.32, Santa Clara County, California",1033,38,889,72,91,49,250,51,194,66,197,68,78,49,30,29,49,43,144,64,16,23,21,20,29,37,15,24,63,42,0,132,0,132
1400000US06085512033,"Census Tract 5120.33, Santa Clara County, California",1949,122,1468,143,170,91,575,139,209,82,256,99,110,66,82,57,66,51,481,139,89,86,112,76,177,111,68,53,19,30,0,132,16,35
1400000US06085512034,"Census Tract 5120.34, Santa Clara County, California",1054,17,885,72,226,70,230,63,122,51,198,78,46,31,63,45,0,132,169,73,11,17,42,33,84,70,16,24,9,14,7,13,0,132
1400000US06085512035,"Census Tract 5120.35, Santa Clara County, California",1365,49,1069,91,67,46,314,77,265,92,240,103,166,79,17,22,0,132,296,90,123,56,76,57,52,61,18,24,17,28,0,132,10,16
1400000US06085512036,"Census Tract 5120.36, Santa Clara County, California",1701,90,685,97,55,38,166,72,184,85,149,68,91,51,40,34,0,132,1016,120,339,113,340,129,179,95,103,59,55,40,0,132,0,132
1400000US06085512037,"Census Tract 5120.37, Santa Clara County, California",926,65,844,80,158,81,188,60,173,82,214,94,83,57,0,132,28,31,82,46,38,61,0,132,18,23,0,132,26,41,0,132,0,132
1400000US06085512038,"Census Tract 5120.38, Santa Clara County, California",1074,76,625,108,215,77,187,102,118,64,60,56,26,34,19,31,0,132,449,113,54,61,120,79,142,80,133,92,0,132,0,132,0,132
1400000US06085512039,"Census Tract 5120.39, Santa Clara County, California",1361,48,1110,136,122,68,289,100,177,102,199,105,191,121,77,58,55,46,251,140,16,26,79,76,16,26,15,26,31,56,0,132,94,92
1400000US06085512042,"Census Tract 5120.42, Santa Clara County, California",816,67,543,96,18,22,140,62,133,75,73,68,118,61,9,15,52,46,273,73,60,66,29,37,144,73,30,39,10,17,0,132,0,132
1400000US06085512043,"Census Tract 5120.43, Santa Clara County, California",1644,50,606,127,27,26,126,72,113,83,188,84,65,47,16,23,71,71,1038,129,58,43,196,104,193,109,240,122,160,99,95,71,96,76
1400000US06085512045,"Census Tract 5120.45, Santa Clara County, California",1838,40,1656,98,265,91,563,123,248,81,375,91,105,61,42,46,58,38,182,95,12,17,40,54,69,50,12,16,0,132,49,59,0,132
1400000US06085512047,"Census Tract 5120.47, Santa Clara County, California",1730,50,1374,116,169,73,420,98,278,85,291,119,86,57,52,40,78,59,356,119,12,18,186,103,22,24,98,59,27,31,0,132,11,17
1400000US06085512052,"Census Tract 5120.52, Santa Clara County, California",1642,95,828,140,254,91,310,109,103,84,109,76,52,40,0,132,0,132,814,132,166,82,280,125,161,83,193,96,14,24,0,132,0,132
1400000US06085512053,"Census Tract 5120.53, Santa Clara County, California",1580,60,1036,152,142,74,352,131,181,91,200,76,127,74,32,36,2,11,544,162,43,41,153,99,166,112,136,110,46,60,0,132,0,132
1400000US06085512100,"Census Tract 5121, Santa Clara County, California",444,60,366,65,13,22,142,53,73,44,36,39,61,43,10,22,31,28,78,57,9,14,26,40,12,16,9,16,0,132,0,132,22,39
1400000US06085512200,"Census Tract 5122, Santa Clara County, California",1473,111,1289,127,189,93,463,96,302,103,134,71,115,70,86,43,0,132,184,70,51,38,72,50,23,19,38,38,0,132,0,132,0,132
1400000US06085512305,"Census Tract 5123.05, Santa Clara County, California",1168,105,976,102,87,64,460,108,134,74,159,81,92,52,40,35,4,14,192,81,62,39,34,33,65,73,31,49,0,132,0,132,0,132
1400000US06085512307,"Census Tract 5123.07, Santa Clara County, California",2092,172,1792,174,404,107,732,152,185,87,286,100,108,62,62,53,15,23,300,112,125,82,18,28,80,69,34,31,33,46,10,16,0,132
1400000US06085512308,"Census Tract 5123.08, Santa Clara County, California",2141,113,1983,148,176,72,671,131,363,98,557,134,162,66,54,38,0,132,158,99,10,17,7,12,35,45,77,88,29,47,0,132,0,132
1400000US06085512309,"Census Tract 5123.09, Santa Clara County, California",1650,105,1420,118,245,89,518,125,298,88,260,69,75,41,16,19,8,14,230,116,29,49,132,105,26,24,6,12,37,32,0,132,0,132
1400000US06085512310,"Census Tract 5123.10, Santa Clara County, California",1300,107,632,115,236,120,119,64,98,56,146,79,20,29,13,21,0,132,668,130,83,54,188,135,98,92,169,90,111,91,0,132,19,30
1400000US06085512311,"Census Tract 5123.11, Santa Clara County, California",995,100,873,80,108,64,327,95,152,72,140,78,62,48,72,80,12,19,122,66,0,132,11,20,11,18,57,51,4,15,39,58,0,132
1400000US06085512312,"Census Tract 5123.12, Santa Clara County, California",821,90,786,95,72,47,196,99,188,117,216,91,77,43,37,41,0,132,35,33,0,132,10,17,0,132,14,23,11,18,0,132,0,132
1400000US06085512313,"Census Tract 5123.13, Santa Clara County, California",1149,75,496,116,0,132,235,94,49,41,89,49,59,60,37,57,27,31,653,124,74,57,120,73,172,108,200,119,70,61,9,15,8,12
1400000US06085512314,"Census Tract 5123.14, Santa Clara County, California",2015,100,1101,162,206,92,407,143,78,48,176,101,197,123,27,38,10,19,914,166,65,51,194,105,245,142,182,110,41,59,147,93,40,61
1400000US06085512401,"Census Tract 5124.01, Santa Clara County, California",1357,84,1037,115,141,76,350,95,180,86,125,81,153,73,0,132,88,65,320,108,74,58,74,64,52,59,48,48,60,52,0,132,12,22
1400000US06085512402,"Census Tract 5124.02, Santa Clara County, California",1438,123,1330,140,84,57,521,127,198,79,265,115,132,80,73,55,57,67,108,88,10,15,8,14,25,29,0,132,54,84,11,17,0,132
1400000US06085512503,"Census Tract 5125.03, Santa Clara County, California",2377,139,2219,159,314,102,690,159,323,129,406,135,314,115,78,57,94,82,158,99,26,29,15,23,47,69,32,36,0,132,0,132,38,56
1400000US06085512505,"Census Tract 5125.05, Santa Clara County, California",2044,99,1194,141,162,74,268,89,241,89,355,117,74,52,38,38,56,46,850,155,161,74,107,77,145,76,237,108,123,89,66,72,11,18
1400000US06085512506,"Census Tract 5125.06, Santa Clara County, California",1734,104,925,131,185,76,266,86,52,35,248,82,109,68,44,51,21,25,809,153,115,69,147,90,166,99,186,92,85,59,58,72,52,50
1400000US06085512508,"Census Tract 5125.08, Santa Clara County, California",2620,115,1631,184,230,100,433,120,343,148,315,121,243,95,39,47,28,44,989,174,283,121,173,112,223,139,169,109,96,90,0,132,45,73
1400000US06085512509,"Census Tract 5125.09, Santa Clara County, California",1188,53,954,111,99,67,220,98,335,163,173,69,80,50,0,132,47,54,234,98,132,109,20,32,65,56,0,132,0,132,17,26,0,132
1400000US06085512510,"Census Tract 5125.10, Santa Clara County, California",1959,120,1173,124,137,79,464,126,189,86,230,90,121,83,0,132,32,44,786,173,264,96,140,118,232,131,83,79,67,77,0,132,0,132
1400000US06085512602,"Census Tract 5126.02, Santa Clara County, California",719,102,381,90,40,27,172,52,57,40,29,32,83,61,0,132,0,132,338,101,34,53,63,44,57,50,66,65,71,50,22,37,25,41
1400000US06085512603,"Census Tract 5126.03, Santa Clara County, California",928,81,204,76,46,43,41,39,35,39,42,43,35,46,0,132,5,13,724,106,80,66,143,87,79,78,172,95,149,87,88,72,13,30
1400000US06085512604,"Census Tract 5126.04, Santa Clara County, California",1087,61,442,90,101,65,89,57,51,51,149,61,39,39,13,26,0,132,645,97,194,82,45,48,99,66,68,50,123,67,28,42,88,69
1400000US06085513000,"Census Tract 5130, Santa Clara County, California",1973,227,0,132,0,132,0,132,0,132,0,132,0,132,0,132,0,132,1973,227,890,184,800,165,191,97,83,43,9,15,0,132,0,132
1400000US06085513500,"Census Tract 5135, Santa Clara County, California",259,73,187,50,35,39,93,46,6,12,0,132,7,11,37,21,9,14,72,52,24,26,48,53,0,132,0,132,0,132,0,132,0,132
