GEO_ID,NAME,H12_001N,H12_002N,H12_003N,H12_004N,H12_005N,H12_006N,H12_007N,H12_008N,H12_009N,H12_010N,H12_011N,H12_012N,H12_013N,H12_014N,H12_015N,H12_016N,H12_017N
Geography,Geographic Area Name, !!Total:, !!Total:!!Owner occupied:, !!Total:!!Owner occupied:!!1-person household, !!Total:!!Owner occupied:!!2-person household, !!Total:!!Owner occupied:!!3-person household, !!Total:!!Owner occupied:!!4-person household, !!Total:!!Owner occupied:!!5-person household, !!Total:!!Owner occupied:!!6-person household, !!Total:!!Owner occupied:!!7-or-more-person household, !!Total:!!Renter occupied:, !!Total:!!Renter occupied:!!1-person household, !!Total:!!Renter occupied:!!2-person household, !!Total:!!Renter occupied:!!3-person household, !!Total:!!Renter occupied:!!4-person household, !!Total:!!Renter occupied:!!5-person household, !!Total:!!Renter occupied:!!6-person household, !!Total:!!Renter occupied:!!7-or-more-person household
1400000US06085500100,Census Tract 5001; Santa Clara County; California,2885,961,234,321,158,131,61,25,31,1924,469,643,314,246,140,61,51
1400000US06085500200,Census Tract 5002; Santa Clara County; California,2059,561,166,187,82,78,22,10,16,1498,511,546,200,126,61,35,19
1400000US06085500300,Census Tract 5003; Santa Clara County; California,1606,563,170,199,100,47,26,10,11,1043,341,316,161,123,53,31,18
1400000US06085500400,Census Tract 5004; Santa Clara County; California,990,392,62,154,72,58,24,15,7,598,211,179,80,69,33,16,10
1400000US06085500500,Census Tract 5005; Santa Clara County; California,2113,1412,266,538,276,223,61,28,20,701,243,222,105,67,47,9,8
1400000US06085500600,Census Tract 5006; Santa Clara County; California,2525,766,183,282,149,108,11,17,16,1759,648,642,240,102,78,28,21
1400000US06085500800,Census Tract 5008; Santa Clara County; California,2384,513,218,167,64,31,18,9,6,1871,895,641,142,104,53,16,20
1400000US06085500901,Census Tract 5009.01; Santa Clara County; California,1988,382,158,130,47,26,14,1,6,1606,776,458,180,93,66,18,15
1400000US06085500902,Census Tract 5009.02; Santa Clara County; California,627,22,4,3,7,2,2,2,2,605,225,174,77,83,27,11,8
1400000US06085501000,Census Tract 5010; Santa Clara County; California,2422,337,102,102,60,28,22,12,11,2085,952,538,254,190,73,46,32
1400000US06085501101,Census Tract 5011.01; Santa Clara County; California,1958,469,160,148,59,57,24,10,11,1489,598,517,171,99,49,32,23
1400000US06085501102,Census Tract 5011.02; Santa Clara County; California,1359,784,168,246,156,105,48,36,25,575,98,117,102,126,63,38,31
1400000US06085501200,Census Tract 5012; Santa Clara County; California,1337,522,107,179,88,78,35,17,18,815,218,201,159,115,53,37,32
1400000US06085501300,Census Tract 5013; Santa Clara County; California,1156,510,71,219,116,69,18,5,12,646,233,162,110,47,60,17,17
1400000US06085501401,Census Tract 5014.01; Santa Clara County; California,1018,270,56,97,35,42,22,6,12,748,131,165,157,147,80,26,42
1400000US06085501402,Census Tract 5014.02; Santa Clara County; California,869,273,51,94,44,43,18,8,15,596,115,129,119,105,61,38,29
1400000US06085501501,Census Tract 5015.01; Santa Clara County; California,1245,461,66,94,108,82,52,27,32,784,133,198,138,145,81,52,37
1400000US06085501502,Census Tract 5015.02; Santa Clara County; California,1225,564,102,134,106,95,47,32,48,661,88,121,144,126,103,33,46
1400000US06085501601,Census Tract 5016.01; Santa Clara County; California,1334,410,100,146,57,62,23,9,13,924,258,255,170,117,79,31,14
1400000US06085501602,Census Tract 5016.02; Santa Clara County; California,1388,74,21,19,16,11,5,0,2,1314,468,356,204,132,63,58,33
1400000US06085501700,Census Tract 5017; Santa Clara County; California,1554,296,45,66,50,57,35,17,26,1258,309,341,171,185,136,62,54
1400000US06085501800,Census Tract 5018; Santa Clara County; California,1670,1007,203,323,180,163,56,32,50,663,119,168,110,127,76,29,34
1400000US06085501901,Census Tract 5019.01; Santa Clara County; California,1346,377,133,116,59,37,17,6,9,969,314,380,135,73,41,22,4
1400000US06085501902,Census Tract 5019.02; Santa Clara County; California,1919,304,115,93,33,44,8,10,1,1615,531,638,217,122,58,24,25
1400000US06085502001,Census Tract 5020.01; Santa Clara County; California,2028,754,166,245,152,107,40,23,21,1274,489,361,146,139,79,32,28
1400000US06085502002,Census Tract 5020.02; Santa Clara County; California,1802,389,76,125,80,59,17,21,11,1413,333,382,217,204,143,80,54
1400000US06085502101,Census Tract 5021.01; Santa Clara County; California,1992,1178,297,435,219,142,44,22,19,814,258,221,120,94,59,36,26
1400000US06085502103,Census Tract 5021.03; Santa Clara County; California,1606,353,67,118,58,72,19,10,9,1253,322,390,195,173,82,52,39
1400000US06085502104,Census Tract 5021.04; Santa Clara County; California,956,254,48,93,44,40,17,6,6,702,169,232,133,81,49,25,13
1400000US06085502202,Census Tract 5022.02; Santa Clara County; California,1405,775,306,265,95,83,16,8,2,630,227,198,102,66,18,5,14
1400000US06085502203,Census Tract 5022.03; Santa Clara County; California,1879,554,219,203,90,17,13,6,6,1325,495,446,182,99,58,24,21
1400000US06085502204,Census Tract 5022.04; Santa Clara County; California,1215,10,2,2,5,1,0,0,0,1205,312,383,220,143,84,39,24
1400000US06085502301,Census Tract 5023.01; Santa Clara County; California,1321,772,162,289,141,93,68,14,5,549,153,180,84,71,31,20,10
1400000US06085502302,Census Tract 5023.02; Santa Clara County; California,1272,463,92,174,74,91,23,4,5,809,274,246,125,101,38,12,13
1400000US06085502400,Census Tract 5024; Santa Clara County; California,2855,2064,438,759,388,335,101,27,16,791,257,244,124,102,34,19,11
1400000US06085502500,Census Tract 5025; Santa Clara County; California,2395,1889,345,604,363,405,125,19,28,506,113,172,94,85,23,11,8
1400000US06085502601,Census Tract 5026.01; Santa Clara County; California,1207,889,184,344,122,172,49,12,6,318,179,58,39,25,10,4,3
1400000US06085502603,Census Tract 5026.03; Santa Clara County; California,1010,726,120,273,127,136,55,8,7,284,83,88,48,40,14,9,2
1400000US06085502604,Census Tract 5026.04; Santa Clara County; California,2277,479,214,158,43,36,13,9,6,1798,689,695,186,130,45,25,28
1400000US06085502701,Census Tract 5027.01; Santa Clara County; California,1978,1014,205,347,194,186,46,15,21,964,349,276,136,127,36,23,17
1400000US06085502703,Census Tract 5027.03; Santa Clara County; California,1755,1083,256,332,194,204,53,24,20,672,182,186,118,122,34,19,11
1400000US06085502704,Census Tract 5027.04; Santa Clara County; California,1432,1003,160,255,189,289,63,25,22,429,160,108,70,54,19,13,5
1400000US06085502800,Census Tract 5028; Santa Clara County; California,1395,1074,115,286,245,276,95,32,25,321,44,72,60,79,36,15,15
1400000US06085502901,Census Tract 5029.01; Santa Clara County; California,2215,1356,196,416,276,314,102,30,22,859,217,243,149,145,54,33,18
1400000US06085502902,Census Tract 5029.02; Santa Clara County; California,2722,2215,383,716,431,470,164,26,25,507,79,134,132,88,49,18,7
1400000US06085502903,Census Tract 5029.03; Santa Clara County; California,1909,1648,293,545,307,347,97,40,19,261,31,74,61,60,24,7,4
1400000US06085502906,Census Tract 5029.06; Santa Clara County; California,1655,989,173,256,227,256,59,15,3,666,122,155,160,130,70,20,9
1400000US06085502907,Census Tract 5029.07; Santa Clara County; California,1308,1092,164,371,224,234,71,18,10,216,27,41,60,50,14,13,11
1400000US06085502908,Census Tract 5029.08; Santa Clara County; California,2365,1667,221,485,363,436,105,39,18,698,169,155,113,159,34,43,25
1400000US06085502909,Census Tract 5029.09; Santa Clara County; California,2017,1047,240,325,190,197,44,37,14,970,266,248,194,147,56,35,24
1400000US06085502910,Census Tract 5029.10; Santa Clara County; California,1482,666,127,199,146,128,43,13,10,816,243,245,138,103,49,23,15
1400000US06085503001,Census Tract 5030.01; Santa Clara County; California,1586,1283,247,434,214,272,75,23,18,303,46,85,70,68,22,5,7
1400000US06085503002,Census Tract 5030.02; Santa Clara County; California,1250,858,125,320,159,174,49,25,6,392,98,101,55,65,38,28,7
1400000US06085503003,Census Tract 5030.03; Santa Clara County; California,1773,1460,238,464,283,321,111,24,19,313,48,75,77,74,29,5,5
1400000US06085503105,Census Tract 5031.05; Santa Clara County; California,763,207,33,56,44,40,19,5,10,556,158,168,82,65,39,24,20
1400000US06085503110,Census Tract 5031.10; Santa Clara County; California,1102,259,28,62,36,61,31,15,26,843,94,171,153,182,134,60,49
1400000US06085503111,Census Tract 5031.11; Santa Clara County; California,1079,757,61,129,156,170,107,56,78,322,14,62,54,62,61,25,44
1400000US06085503112,Census Tract 5031.12; Santa Clara County; California,1598,401,105,119,62,46,31,9,29,1197,357,286,202,163,91,51,47
1400000US06085503113,Census Tract 5031.13; Santa Clara County; California,1330,502,99,125,86,77,41,19,55,828,153,153,119,140,121,68,74
1400000US06085503116,Census Tract 5031.16; Santa Clara County; California,2181,1087,254,316,188,152,83,46,48,1094,275,393,197,128,48,24,29
1400000US06085503117,Census Tract 5031.17; Santa Clara County; California,729,238,27,45,56,39,20,26,25,491,78,88,70,75,79,47,54
1400000US06085503118,Census Tract 5031.18; Santa Clara County; California,1576,427,96,115,68,66,39,20,23,1149,154,246,256,239,152,53,49
1400000US06085503121,Census Tract 5031.21; Santa Clara County; California,1545,456,111,137,62,52,39,19,36,1089,279,277,157,178,111,39,48
1400000US06085503122,Census Tract 5031.22; Santa Clara County; California,1342,492,83,110,88,109,63,21,18,850,286,195,118,107,69,52,23
1400000US06085503123,Census Tract 5031.23; Santa Clara County; California,1615,377,126,133,33,34,22,16,13,1238,442,285,191,151,96,38,35
1400000US06085503124,Census Tract 5031.24; Santa Clara County; California,1632,382,75,103,74,60,25,25,20,1250,306,307,199,180,134,71,53
1400000US06085503125,Census Tract 5031.25; Santa Clara County; California,1344,647,96,190,179,96,40,20,26,697,137,225,137,93,57,30,18
1400000US06085503126,Census Tract 5031.26; Santa Clara County; California,1399,998,198,310,205,150,65,42,28,401,78,106,87,72,26,27,5
1400000US06085503127,Census Tract 5031.27; Santa Clara County; California,2085,1577,416,631,306,143,45,24,12,508,86,126,118,93,37,15,33
1400000US06085503207,Census Tract 5032.07; Santa Clara County; California,1020,777,68,182,141,176,95,49,66,243,12,58,42,53,28,26,24
1400000US06085503208,Census Tract 5032.08; Santa Clara County; California,822,563,34,122,79,111,79,53,85,259,28,45,43,45,50,19,29
1400000US06085503210,Census Tract 5032.10; Santa Clara County; California,926,562,30,90,110,117,84,56,75,364,36,54,71,73,49,34,47
1400000US06085503211,Census Tract 5032.11; Santa Clara County; California,1147,855,78,203,166,153,113,69,73,292,32,40,52,51,40,34,43
1400000US06085503212,Census Tract 5032.12; Santa Clara County; California,982,755,69,176,148,115,115,57,75,227,21,39,58,30,46,19,14
1400000US06085503213,Census Tract 5032.13; Santa Clara County; California,1340,790,95,157,173,172,77,55,61,550,113,134,79,99,70,23,32
1400000US06085503217,Census Tract 5032.17; Santa Clara County; California,1046,555,50,124,105,89,77,47,63,491,31,73,93,94,100,56,44
1400000US06085503218,Census Tract 5032.18; Santa Clara County; California,1101,345,28,32,52,91,67,28,47,756,145,182,124,123,91,35,56
1400000US06085503219,Census Tract 5032.19; Santa Clara County; California,739,313,30,40,61,65,19,49,49,426,63,90,91,64,49,38,31
1400000US06085503220,Census Tract 5032.20; Santa Clara County; California,1528,877,166,190,143,143,85,56,94,651,105,143,105,118,85,50,45
1400000US06085503221,Census Tract 5032.21; Santa Clara County; California,987,324,37,52,60,75,38,35,27,663,196,185,89,87,42,31,33
1400000US06085503222,Census Tract 5032.22; Santa Clara County; California,1263,753,65,140,191,160,105,55,37,510,78,81,93,120,62,36,40
1400000US06085503304,Census Tract 5033.04; Santa Clara County; California,1796,927,120,222,173,182,104,63,63,869,130,199,187,152,89,48,64
1400000US06085503305,Census Tract 5033.05; Santa Clara County; California,1526,927,78,183,152,170,102,106,136,599,112,133,87,95,75,36,61
1400000US06085503306,Census Tract 5033.06; Santa Clara County; California,874,641,44,100,129,117,78,81,92,233,20,37,47,44,32,31,22
1400000US06085503312,Census Tract 5033.12; Santa Clara County; California,1046,823,123,239,158,115,83,37,68,223,29,45,42,46,24,14,23
1400000US06085503313,Census Tract 5033.13; Santa Clara County; California,1274,1107,76,290,246,276,116,37,66,167,19,15,32,45,28,14,14
1400000US06085503315,Census Tract 5033.15; Santa Clara County; California,1983,1196,101,217,230,291,139,93,125,787,72,137,158,177,122,65,56
1400000US06085503321,Census Tract 5033.21; Santa Clara County; California,1059,896,58,160,169,198,138,95,78,163,7,29,32,18,20,26,31
1400000US06085503322,Census Tract 5033.22; Santa Clara County; California,1047,811,79,193,169,165,100,50,55,236,13,34,35,42,27,31,54
1400000US06085503323,Census Tract 5033.23; Santa Clara County; California,1208,978,89,180,218,216,131,71,73,230,25,32,31,44,43,27,28
1400000US06085503324,Census Tract 5033.24; Santa Clara County; California,894,730,34,166,140,195,102,49,44,164,20,30,18,18,37,17,24
1400000US06085503325,Census Tract 5033.25; Santa Clara County; California,1137,868,80,153,186,219,116,60,54,269,10,32,66,65,36,20,40
1400000US06085503326,Census Tract 5033.26; Santa Clara County; California,1704,1481,50,252,280,491,209,105,94,223,20,30,46,50,36,19,22
1400000US06085503327,Census Tract 5033.27; Santa Clara County; California,1377,1010,86,222,203,262,98,61,78,367,152,27,31,61,26,28,42
1400000US06085503329,Census Tract 5033.29; Santa Clara County; California,1092,967,43,153,240,377,82,37,35,125,1,21,22,44,22,11,4
1400000US06085503330,Census Tract 5033.30; Santa Clara County; California,1973,1730,68,275,367,666,194,100,60,243,20,30,40,93,26,16,18
1400000US06085503331,Census Tract 5033.31; Santa Clara County; California,1374,1114,335,359,136,164,71,24,25,260,116,72,18,27,15,4,8
1400000US06085503332,Census Tract 5033.32; Santa Clara County; California,2531,2304,718,990,209,237,81,40,29,227,65,84,29,29,12,2,6
1400000US06085503333,Census Tract 5033.33; Santa Clara County; California,1327,1075,108,259,219,225,125,73,66,252,17,51,51,47,36,21,29
1400000US06085503336,Census Tract 5033.36; Santa Clara County; California,825,627,68,119,109,142,67,54,68,198,10,21,36,54,33,12,32
1400000US06085503337,Census Tract 5033.37; Santa Clara County; California,967,750,68,132,155,174,86,74,61,217,24,31,37,42,47,11,25
1400000US06085503338,Census Tract 5033.38; Santa Clara County; California,1339,1224,58,258,292,393,122,74,27,115,6,32,11,27,16,13,10
1400000US06085503339,Census Tract 5033.39; Santa Clara County; California,1281,1179,101,324,235,340,99,50,30,102,9,30,17,20,4,9,13
1400000US06085503401,Census Tract 5034.01; Santa Clara County; California,985,626,41,96,115,128,65,66,115,359,35,50,40,48,40,52,94
1400000US06085503402,Census Tract 5034.02; Santa Clara County; California,1149,401,28,87,50,76,54,46,60,748,88,128,115,126,154,68,69
1400000US06085503504,Census Tract 5035.04; Santa Clara County; California,1116,755,47,97,127,132,113,103,136,361,28,28,45,57,73,43,87
1400000US06085503506,Census Tract 5035.06; Santa Clara County; California,1235,683,18,128,117,136,84,88,112,552,46,62,97,87,92,67,101
1400000US06085503507,Census Tract 5035.07; Santa Clara County; California,408,252,26,35,32,38,39,31,51,156,16,20,25,26,19,13,37
1400000US06085503508,Census Tract 5035.08; Santa Clara County; California,1290,844,46,153,138,137,118,89,163,446,30,49,82,90,59,63,73
1400000US06085503509,Census Tract 5035.09; Santa Clara County; California,863,625,44,109,117,126,77,47,105,238,21,27,49,49,28,26,38
1400000US06085503510,Census Tract 5035.10; Santa Clara County; California,1340,791,65,145,136,124,132,80,109,549,39,71,95,129,79,49,87
1400000US06085503511,Census Tract 5035.11; Santa Clara County; California,816,603,37,104,108,124,79,57,94,213,13,34,34,35,42,23,32
1400000US06085503601,Census Tract 5036.01; Santa Clara County; California,875,284,51,71,61,46,43,3,9,591,78,145,94,112,67,47,48
1400000US06085503602,Census Tract 5036.02; Santa Clara County; California,1291,563,80,135,93,88,69,36,62,728,128,159,108,125,82,71,55
1400000US06085503703,Census Tract 5037.03; Santa Clara County; California,864,376,12,70,62,72,61,31,68,488,35,64,88,127,77,41,56
1400000US06085503707,Census Tract 5037.07; Santa Clara County; California,1392,727,101,146,127,150,83,47,73,665,80,117,120,128,92,51,77
1400000US06085503708,Census Tract 5037.08; Santa Clara County; California,739,403,40,83,77,96,49,26,32,336,59,93,55,54,40,21,14
1400000US06085503709,Census Tract 5037.09; Santa Clara County; California,2312,640,83,193,179,80,51,27,27,1672,388,471,290,284,135,44,60
1400000US06085503710,Census Tract 5037.10; Santa Clara County; California,1092,283,22,59,70,47,41,22,22,809,195,169,109,128,91,59,58
1400000US06085503711,Census Tract 5037.11; Santa Clara County; California,1048,395,41,62,86,84,46,29,47,653,55,75,124,151,99,67,82
1400000US06085503712,Census Tract 5037.12; Santa Clara County; California,1337,304,65,67,67,51,23,17,14,1033,179,279,164,197,107,60,47
1400000US06085503713,Census Tract 5037.13; Santa Clara County; California,1104,273,74,70,54,29,22,7,17,831,242,189,103,113,110,41,33
1400000US06085503802,Census Tract 5038.02; Santa Clara County; California,2265,1374,165,341,241,309,143,90,85,891,137,192,150,161,118,72,61
1400000US06085503803,Census Tract 5038.03; Santa Clara County; California,1341,880,107,269,190,164,82,42,26,461,29,101,86,112,53,46,34
1400000US06085503804,Census Tract 5038.04; Santa Clara County; California,1743,1148,228,329,200,174,111,47,59,595,58,116,135,134,96,26,30
1400000US06085503902,Census Tract 5039.02; Santa Clara County; California,1604,772,139,166,120,131,89,62,65,832,69,153,158,177,129,80,66
1400000US06085503903,Census Tract 5039.03; Santa Clara County; California,880,507,44,119,90,100,59,39,56,373,69,73,55,54,52,26,44
1400000US06085504001,Census Tract 5040.01; Santa Clara County; California,1536,760,101,161,149,147,81,41,80,776,118,141,109,151,121,61,75
1400000US06085504002,Census Tract 5040.02; Santa Clara County; California,1378,623,42,128,108,115,102,45,83,755,127,133,123,113,84,92,83
1400000US06085504101,Census Tract 5041.01; Santa Clara County; California,1061,687,81,178,117,119,74,44,74,374,51,80,68,59,52,19,45
1400000US06085504102,Census Tract 5041.02; Santa Clara County; California,1338,917,111,195,173,154,113,74,97,421,27,66,66,77,56,46,83
1400000US06085504201,Census Tract 5042.01; Santa Clara County; California,1683,1299,219,452,234,220,76,47,51,384,61,96,63,58,45,27,34
1400000US06085504202,Census Tract 5042.02; Santa Clara County; California,1501,1292,168,468,227,216,97,46,70,209,27,50,33,41,24,17,17
1400000US06085504307,Census Tract 5043.07; Santa Clara County; California,1739,1209,163,312,270,257,111,48,48,530,68,137,99,122,53,32,19
1400000US06085504308,Census Tract 5043.08; Santa Clara County; California,1475,1173,144,359,221,239,111,55,44,302,73,70,65,40,22,18,14
1400000US06085504311,Census Tract 5043.11; Santa Clara County; California,2805,1743,292,547,445,264,117,39,39,1062,130,290,261,197,111,47,26
1400000US06085504314,Census Tract 5043.14; Santa Clara County; California,1308,983,86,234,232,241,91,44,55,325,11,49,63,92,45,32,33
1400000US06085504315,Census Tract 5043.15; Santa Clara County; California,1945,1430,171,323,312,360,139,66,59,515,36,91,118,117,73,41,39
1400000US06085504316,Census Tract 5043.16; Santa Clara County; California,1385,991,113,239,230,213,83,59,54,394,45,77,72,89,62,21,28
1400000US06085504317,Census Tract 5043.17; Santa Clara County; California,1224,892,99,261,200,162,76,56,38,332,31,87,43,75,42,19,35
1400000US06085504318,Census Tract 5043.18; Santa Clara County; California,2129,1650,243,442,353,314,161,79,58,479,74,118,114,91,42,28,12
1400000US06085504319,Census Tract 5043.19; Santa Clara County; California,2362,1558,184,431,330,335,155,79,44,804,132,185,142,170,92,45,38
1400000US06085504320,Census Tract 5043.20; Santa Clara County; California,840,689,69,182,136,158,78,41,25,151,22,31,33,31,23,5,6
1400000US06085504321,Census Tract 5043.21; Santa Clara County; California,1597,999,144,279,219,183,73,55,46,598,71,141,137,115,53,35,46
1400000US06085504322,Census Tract 5043.22; Santa Clara County; California,2079,649,126,220,143,98,30,20,12,1430,253,532,319,197,84,24,21
1400000US06085504323,Census Tract 5043.23; Santa Clara County; California,1782,887,111,238,214,179,90,36,19,895,115,223,234,236,47,27,13
1400000US06085504410,Census Tract 5044.10; Santa Clara County; California,1206,715,74,192,164,131,80,29,45,491,99,106,101,98,43,25,19
1400000US06085504411,Census Tract 5044.11; Santa Clara County; California,1507,1117,131,307,237,233,95,60,54,390,39,66,86,84,56,33,26
1400000US06085504412,Census Tract 5044.12; Santa Clara County; California,1252,675,77,133,140,158,79,39,49,577,43,110,134,128,74,43,45
1400000US06085504413,Census Tract 5044.13; Santa Clara County; California,688,392,54,96,94,98,30,14,6,296,117,63,34,45,22,11,4
1400000US06085504414,Census Tract 5044.14; Santa Clara County; California,1500,1227,119,333,281,284,113,52,45,273,27,44,53,58,54,20,17
1400000US06085504415,Census Tract 5044.15; Santa Clara County; California,1513,1245,134,284,301,320,97,65,44,268,25,41,58,69,34,17,24
1400000US06085504416,Census Tract 5044.16; Santa Clara County; California,1071,747,83,142,176,214,61,36,35,324,43,35,70,91,45,19,21
1400000US06085504418,Census Tract 5044.18; Santa Clara County; California,1296,637,83,135,133,131,67,42,46,659,56,136,145,143,84,31,64
1400000US06085504421,Census Tract 5044.21; Santa Clara County; California,1328,1047,96,271,209,251,114,60,46,281,21,44,51,77,40,22,26
1400000US06085504422,Census Tract 5044.22; Santa Clara County; California,1007,635,71,126,144,137,79,34,44,372,66,80,59,82,33,24,28
1400000US06085504423,Census Tract 5044.23; Santa Clara County; California,637,493,41,139,108,101,48,22,34,144,14,19,38,25,25,13,10
1400000US06085504424,Census Tract 5044.24; Santa Clara County; California,1459,1059,80,330,263,204,93,53,36,400,34,87,87,92,66,18,16
1400000US06085504505,Census Tract 5045.05; Santa Clara County; California,3883,1907,199,531,536,412,97,68,64,1976,365,759,422,236,122,46,26
1400000US06085504506,Census Tract 5045.06; Santa Clara County; California,2304,1183,229,307,272,242,66,29,38,1121,138,240,273,295,107,36,32
1400000US06085504507,Census Tract 5045.07; Santa Clara County; California,1678,1066,115,249,222,255,108,57,60,612,87,140,131,117,64,46,27
1400000US06085504508,Census Tract 5045.08; Santa Clara County; California,699,423,47,113,114,92,41,13,3,276,17,56,62,76,30,19,16
1400000US06085504509,Census Tract 5045.09; Santa Clara County; California,2105,813,95,260,211,156,50,21,20,1292,235,471,325,174,53,18,16
1400000US06085504510,Census Tract 5045.10; Santa Clara County; California,1494,641,123,190,161,112,32,7,16,853,131,203,254,164,67,21,13
1400000US06085504601,Census Tract 5046.01; Santa Clara County; California,340,222,59,74,48,18,10,4,9,118,16,30,46,15,7,1,3
1400000US06085504602,Census Tract 5046.02; Santa Clara County; California,591,374,53,91,75,74,24,27,30,217,40,44,42,44,19,16,12
1400000US06085504700,Census Tract 5047; Santa Clara County; California,182,1,1,0,0,0,0,0,0,181,17,31,42,49,24,9,9
1400000US06085504802,Census Tract 5048.02; Santa Clara County; California,1781,1152,228,324,217,222,68,61,32,629,135,185,140,96,48,16,9
1400000US06085504805,Census Tract 5048.05; Santa Clara County; California,3068,2022,495,681,382,290,102,40,32,1046,311,503,140,55,19,9,9
1400000US06085504806,Census Tract 5048.06; Santa Clara County; California,761,532,56,139,108,113,53,33,30,229,48,45,48,46,21,10,11
1400000US06085504807,Census Tract 5048.07; Santa Clara County; California,2676,1052,273,415,206,111,31,9,7,1624,404,758,261,140,36,14,11
1400000US06085504808,Census Tract 5048.08; Santa Clara County; California,620,161,24,39,23,42,15,10,8,459,227,90,46,42,35,13,6
1400000US06085504902,Census Tract 5049.02; Santa Clara County; California,1721,552,62,121,139,171,37,15,7,1169,290,392,227,170,59,25,6
1400000US06085504903,Census Tract 5049.03; Santa Clara County; California,2209,593,110,153,141,127,39,12,11,1616,351,706,338,165,41,12,3
1400000US06085505006,Census Tract 5050.06; Santa Clara County; California,5598,716,177,229,147,103,30,17,13,4882,1372,2208,855,310,82,23,32
1400000US06085505007,Census Tract 5050.07; Santa Clara County; California,977,600,101,158,145,94,49,26,27,377,35,55,89,93,54,22,29
1400000US06085505010,Census Tract 5050.10; Santa Clara County; California,1371,900,120,242,222,193,49,49,25,471,95,94,110,99,29,26,18
1400000US06085505011,Census Tract 5050.11; Santa Clara County; California,2148,561,70,143,127,125,49,25,22,1587,504,587,275,141,41,27,12
1400000US06085505012,Census Tract 5050.12; Santa Clara County; California,1474,3,0,1,0,1,1,0,0,1471,499,659,203,80,21,5,4
1400000US06085505013,Census Tract 5050.13; Santa Clara County; California,2597,3,1,0,1,1,0,0,0,2594,593,1234,500,177,56,22,12
1400000US06085505014,Census Tract 5050.14; Santa Clara County; California,2597,645,131,183,121,118,45,22,25,1952,484,833,358,185,55,20,17
1400000US06085505015,Census Tract 5050.15; Santa Clara County; California,1707,618,96,148,131,103,70,30,40,1089,228,579,171,51,34,17,9
1400000US06085505100,Census Tract 5051; Santa Clara County; California,2171,566,188,179,95,61,19,11,13,1605,675,502,213,125,40,36,14
1400000US06085505202,Census Tract 5052.02; Santa Clara County; California,3161,644,152,216,143,80,30,14,9,2517,782,869,400,253,122,57,34
1400000US06085505203,Census Tract 5052.03; Santa Clara County; California,1430,545,121,182,110,71,32,13,16,885,271,284,151,101,45,25,8
1400000US06085505301,Census Tract 5053.01; Santa Clara County; California,1977,612,93,164,133,122,57,13,30,1365,282,526,279,143,83,36,16
1400000US06085505302,Census Tract 5053.02; Santa Clara County; California,1713,997,186,349,203,144,74,29,12,716,189,231,129,84,43,27,13
1400000US06085505303,Census Tract 5053.03; Santa Clara County; California,2190,854,225,264,138,147,58,17,5,1336,254,355,290,226,120,61,30
1400000US06085505304,Census Tract 5053.04; Santa Clara County; California,1077,831,127,282,152,157,72,32,9,246,26,43,66,59,28,20,4
1400000US06085505305,Census Tract 5053.05; Santa Clara County; California,2214,1148,184,383,241,219,79,26,16,1066,299,308,210,153,49,29,18
1400000US06085505401,Census Tract 5054.01; Santa Clara County; California,2649,634,159,187,116,110,33,24,5,2015,515,811,345,235,64,32,13
1400000US06085505402,Census Tract 5054.02; Santa Clara County; California,1114,640,133,229,115,97,32,20,14,474,87,139,87,97,40,19,5
1400000US06085505403,Census Tract 5054.03; Santa Clara County; California,3405,963,229,324,191,150,57,7,5,2442,532,811,578,337,116,37,31
1400000US06085505500,Census Tract 5055; Santa Clara County; California,1584,817,169,255,156,158,48,16,15,767,208,197,149,120,59,23,11
1400000US06085505600,Census Tract 5056; Santa Clara County; California,1438,376,95,133,72,42,19,4,11,1062,450,303,157,78,43,15,16
1400000US06085505700,Census Tract 5057; Santa Clara County; California,2232,675,170,226,103,108,44,13,11,1557,430,531,260,184,88,37,27
1400000US06085505800,Census Tract 5058; Santa Clara County; California,1590,1040,251,372,172,159,52,17,17,550,120,168,115,78,40,15,14
1400000US06085505901,Census Tract 5059.01; Santa Clara County; California,1523,750,123,258,160,149,34,17,9,773,227,280,138,75,33,10,10
1400000US06085505902,Census Tract 5059.02; Santa Clara County; California,1674,509,93,158,117,90,28,15,8,1165,517,341,148,81,44,21,13
1400000US06085506000,Census Tract 5060; Santa Clara County; California,1892,994,209,345,200,150,50,19,21,898,173,334,166,147,43,26,9
1400000US06085506101,Census Tract 5061.01; Santa Clara County; California,1681,1114,189,363,246,222,53,28,13,567,139,121,110,113,49,18,17
1400000US06085506102,Census Tract 5061.02; Santa Clara County; California,1790,1001,203,314,223,186,43,23,9,789,162,275,184,98,47,15,8
1400000US06085506103,Census Tract 5061.03; Santa Clara County; California,1660,1014,152,254,208,306,70,13,11,646,81,173,144,156,73,13,6
1400000US06085506202,Census Tract 5062.02; Santa Clara County; California,2544,1523,226,483,303,368,99,29,15,1021,210,260,210,206,91,27,17
1400000US06085506203,Census Tract 5062.03; Santa Clara County; California,2640,591,141,152,131,110,27,13,17,2049,409,527,519,462,86,22,24
1400000US06085506204,Census Tract 5062.04; Santa Clara County; California,2125,1256,228,325,281,303,61,39,19,869,97,192,198,238,91,34,19
1400000US06085506301,Census Tract 5063.01; Santa Clara County; California,2351,629,200,218,88,65,33,12,13,1722,469,640,283,195,70,41,24
1400000US06085506302,Census Tract 5063.02; Santa Clara County; California,2270,1330,249,428,288,248,78,28,11,940,196,294,183,143,76,32,16
1400000US06085506304,Census Tract 5063.04; Santa Clara County; California,2148,414,82,130,77,88,15,20,2,1734,498,533,316,249,82,40,16
1400000US06085506305,Census Tract 5063.05; Santa Clara County; California,2504,480,98,151,96,88,34,10,3,2024,435,575,370,343,195,72,34
1400000US06085506401,Census Tract 5064.01; Santa Clara County; California,2190,677,146,243,130,97,40,14,7,1513,574,468,208,136,70,30,27
1400000US06085506402,Census Tract 5064.02; Santa Clara County; California,2206,696,127,243,156,118,31,15,6,1510,434,467,238,221,97,33,20
1400000US06085506502,Census Tract 5065.02; Santa Clara County; California,2214,1001,305,358,149,117,40,21,11,1213,455,468,154,82,35,8,11
1400000US06085506503,Census Tract 5065.03; Santa Clara County; California,2918,812,190,266,137,151,52,11,5,2106,873,647,261,194,85,22,24
1400000US06085506504,Census Tract 5065.04; Santa Clara County; California,946,68,18,21,17,5,6,1,0,878,198,227,152,159,75,39,28
1400000US06085506505,Census Tract 5065.05; Santa Clara County; California,1563,576,165,171,116,76,34,7,7,987,150,225,179,206,122,61,44
1400000US06085506601,Census Tract 5066.01; Santa Clara County; California,1727,797,132,261,168,152,54,22,8,930,238,250,159,171,68,18,26
1400000US06085506603,Census Tract 5066.03; Santa Clara County; California,1380,1092,162,328,210,263,94,26,9,288,43,73,63,70,30,5,4
1400000US06085506604,Census Tract 5066.04; Santa Clara County; California,2622,1836,249,526,417,472,114,33,25,786,154,182,170,160,67,38,15
1400000US06085506605,Census Tract 5066.05; Santa Clara County; California,1593,684,100,225,116,164,54,14,11,909,251,256,127,128,70,53,24
1400000US06085506606,Census Tract 5066.06; Santa Clara County; California,1682,734,112,232,162,153,44,17,14,948,251,251,208,133,54,39,12
1400000US06085506701,Census Tract 5067.01; Santa Clara County; California,1369,1041,122,314,223,261,87,19,15,328,60,85,54,74,23,22,10
1400000US06085506702,Census Tract 5067.02; Santa Clara County; California,2094,1142,190,345,248,240,79,22,18,952,219,308,168,136,62,42,17
1400000US06085506703,Census Tract 5067.03; Santa Clara County; California,1470,795,155,213,171,149,61,33,13,675,184,178,111,117,45,24,16
1400000US06085506801,Census Tract 5068.01; Santa Clara County; California,2287,1479,208,410,275,406,111,54,15,808,236,193,156,149,47,13,14
1400000US06085506802,Census Tract 5068.02; Santa Clara County; California,1894,1362,212,375,287,336,103,39,10,532,107,143,96,102,52,17,15
1400000US06085506803,Census Tract 5068.03; Santa Clara County; California,2382,1595,174,468,311,486,107,26,23,787,122,203,140,172,83,45,22
1400000US06085506804,Census Tract 5068.04; Santa Clara County; California,1348,1109,184,308,207,304,83,13,10,239,32,48,53,66,26,9,5
1400000US06085506900,Census Tract 5069; Santa Clara County; California,2754,2113,284,645,419,511,196,37,21,641,245,144,59,111,57,14,11
1400000US06085507002,Census Tract 5070.02; Santa Clara County; California,1032,889,102,348,157,186,77,12,7,143,46,36,27,19,12,2,1
1400000US06085507003,Census Tract 5070.03; Santa Clara County; California,1109,806,109,302,162,129,59,29,16,303,145,87,16,39,5,6,5
1400000US06085507004,Census Tract 5070.04; Santa Clara County; California,1838,1058,247,399,169,157,63,12,11,780,359,207,92,75,32,10,5
1400000US06085507100,Census Tract 5071; Santa Clara County; California,1356,484,71,163,95,111,26,12,6,872,382,279,98,67,20,16,10
1400000US06085507203,Census Tract 5072.03; Santa Clara County; California,1158,586,114,172,90,147,42,12,9,572,200,161,101,68,24,12,6
1400000US06085507205,Census Tract 5072.05; Santa Clara County; California,1883,1555,309,573,273,268,83,36,13,328,71,109,58,47,29,8,6
1400000US06085507206,Census Tract 5072.06; Santa Clara County; California,1017,886,93,335,149,186,85,28,10,131,28,18,26,35,11,9,4
1400000US06085507301,Census Tract 5073.01; Santa Clara County; California,2446,1905,187,689,385,419,132,60,33,541,258,149,41,47,23,14,9
1400000US06085507302,Census Tract 5073.02; Santa Clara County; California,988,818,107,291,161,149,58,30,22,170,57,31,32,32,9,6,3
1400000US06085507401,Census Tract 5074.01; Santa Clara County; California,1937,1753,237,585,334,414,113,44,26,184,14,24,44,70,19,7,6
1400000US06085507402,Census Tract 5074.02; Santa Clara County; California,1477,1227,212,374,268,281,65,13,14,250,61,64,36,52,22,10,5
1400000US06085507500,Census Tract 5075; Santa Clara County; California,2027,1818,199,587,412,431,120,53,16,209,26,29,45,70,27,7,5
1400000US06085507600,Census Tract 5076; Santa Clara County; California,2014,1784,185,693,338,371,124,56,17,230,41,49,44,57,16,11,12
1400000US06085507701,Census Tract 5077.01; Santa Clara County; California,1371,1054,120,302,239,281,77,19,16,317,60,55,61,110,25,5,1
1400000US06085507702,Census Tract 5077.02; Santa Clara County; California,2044,1746,153,644,397,389,107,46,10,298,20,46,62,124,32,7,7
1400000US06085507704,Census Tract 5077.04; Santa Clara County; California,1309,683,78,233,123,167,50,23,9,626,243,111,99,140,25,2,6
1400000US06085507705,Census Tract 5077.05; Santa Clara County; California,1505,1056,157,330,195,256,78,26,14,449,66,95,92,150,23,16,7
1400000US06085507805,Census Tract 5078.05; Santa Clara County; California,1947,747,104,219,167,182,42,18,15,1200,285,367,246,204,61,27,10
1400000US06085507806,Census Tract 5078.06; Santa Clara County; California,1893,651,83,193,144,144,46,32,9,1242,163,187,377,432,56,19,8
1400000US06085507807,Census Tract 5078.07; Santa Clara County; California,1021,671,71,214,159,178,39,6,4,350,25,61,70,151,28,15,0
1400000US06085507808,Census Tract 5078.08; Santa Clara County; California,1819,1330,126,352,345,384,84,30,9,489,40,70,148,171,38,13,9
1400000US06085507903,Census Tract 5079.03; Santa Clara County; California,1600,1317,158,392,276,386,70,21,14,283,19,42,61,122,22,14,3
1400000US06085507904,Census Tract 5079.04; Santa Clara County; California,1095,934,66,299,203,263,68,31,4,161,8,30,32,62,20,8,1
1400000US06085507905,Census Tract 5079.05; Santa Clara County; California,2140,1005,143,269,214,286,70,16,7,1135,250,206,273,292,77,19,18
1400000US06085507906,Census Tract 5079.06; Santa Clara County; California,1417,1175,106,307,305,345,75,32,5,242,19,22,65,93,30,9,4
1400000US06085508003,Census Tract 5080.03; Santa Clara County; California,735,342,55,93,79,68,37,9,1,393,62,55,110,109,31,22,4
1400000US06085508004,Census Tract 5080.04; Santa Clara County; California,2115,1084,107,289,223,325,97,28,15,1031,171,224,276,257,65,23,15
1400000US06085508005,Census Tract 5080.05; Santa Clara County; California,1684,696,136,190,161,143,48,12,6,988,322,193,223,184,59,7,0
1400000US06085508006,Census Tract 5080.06; Santa Clara County; California,1191,845,127,216,181,219,66,23,13,346,21,53,87,150,21,5,9
1400000US06085508101,Census Tract 5081.01; Santa Clara County; California,2249,1288,206,349,277,342,66,36,12,961,121,176,208,377,50,13,16
1400000US06085508102,Census Tract 5081.02; Santa Clara County; California,1497,542,79,147,112,137,45,13,9,955,188,249,260,188,43,21,6
1400000US06085508203,Census Tract 5082.03; Santa Clara County; California,1829,1142,171,363,228,273,73,19,15,687,63,119,168,253,62,15,7
1400000US06085508204,Census Tract 5082.04; Santa Clara County; California,1451,894,120,274,204,232,40,10,14,557,76,108,141,167,42,17,6
1400000US06085508205,Census Tract 5082.05; Santa Clara County; California,1316,559,92,180,108,105,45,17,12,757,137,176,177,174,54,28,11
1400000US06085508206,Census Tract 5082.06; Santa Clara County; California,1521,1072,159,353,224,254,47,16,19,449,77,92,103,107,41,17,12
1400000US06085508301,Census Tract 5083.01; Santa Clara County; California,1522,1200,128,379,270,307,66,32,18,322,94,65,52,61,32,14,4
1400000US06085508303,Census Tract 5083.03; Santa Clara County; California,905,777,114,275,130,174,53,24,7,128,4,23,21,52,24,2,2
1400000US06085508305,Census Tract 5083.05; Santa Clara County; California,1845,180,38,37,43,33,18,9,2,1665,320,455,361,345,107,61,16
1400000US06085508306,Census Tract 5083.06; Santa Clara County; California,1127,713,108,216,145,162,57,15,10,414,88,95,75,91,48,8,9
1400000US06085508401,Census Tract 5084.01; Santa Clara County; California,2464,1563,262,409,326,387,117,45,17,901,178,191,180,278,51,19,4
1400000US06085508403,Census Tract 5084.03; Santa Clara County; California,1058,882,159,263,185,198,53,17,7,176,55,35,24,37,21,1,3
1400000US06085508404,Census Tract 5084.04; Santa Clara County; California,2427,1419,209,431,265,367,92,38,17,1008,253,255,185,208,73,22,12
1400000US06085508503,Census Tract 5085.03; Santa Clara County; California,2661,698,176,196,139,140,26,13,8,1963,497,470,488,398,77,23,10
1400000US06085508505,Census Tract 5085.05; Santa Clara County; California,1850,907,195,302,196,152,49,8,5,943,244,337,193,93,53,19,4
1400000US06085508507,Census Tract 5085.07; Santa Clara County; California,1344,281,126,79,39,18,12,6,1,1063,220,379,264,142,34,14,10
1400000US06085508508,Census Tract 5085.08; Santa Clara County; California,1953,774,128,264,171,134,35,25,17,1179,159,322,246,267,98,47,40
1400000US06085508509,Census Tract 5085.09; Santa Clara County; California,2007,91,26,24,23,9,7,2,0,1916,666,722,291,160,36,25,16
1400000US06085508510,Census Tract 5085.10; Santa Clara County; California,1227,393,79,138,76,64,25,4,7,834,178,249,205,123,53,22,4
1400000US06085508601,Census Tract 5086.01; Santa Clara County; California,1463,818,154,244,160,168,61,24,7,645,141,219,122,105,37,13,8
1400000US06085508602,Census Tract 5086.02; Santa Clara County; California,2442,598,120,188,123,124,19,16,8,1844,597,744,277,152,41,25,8
1400000US06085508705,Census Tract 5087.05; Santa Clara County; California,1766,566,97,173,140,108,34,10,4,1200,249,457,253,161,49,17,14
1400000US06085508706,Census Tract 5087.06; Santa Clara County; California,1798,824,207,287,169,110,33,12,6,974,160,355,261,131,49,8,10
1400000US06085508707,Census Tract 5087.07; Santa Clara County; California,1679,606,105,206,127,98,41,19,10,1073,380,348,217,73,33,13,9
1400000US06085508708,Census Tract 5087.08; Santa Clara County; California,1977,771,98,301,220,89,39,12,12,1206,319,574,206,68,24,12,3
1400000US06085508800,Census Tract 5088; Santa Clara County; California,1420,367,94,112,73,52,13,11,12,1053,280,394,171,111,51,23,23
1400000US06085508900,Census Tract 5089; Santa Clara County; California,1671,696,144,225,135,105,35,30,22,975,207,285,193,140,85,29,36
1400000US06085509001,Census Tract 5090.01; Santa Clara County; California,1149,500,107,157,127,65,20,11,13,649,151,156,116,112,57,33,24
1400000US06085509002,Census Tract 5090.02; Santa Clara County; California,1366,685,179,204,146,76,38,19,23,681,123,203,139,116,56,23,21
1400000US06085509102,Census Tract 5091.02; Santa Clara County; California,2344,733,229,250,130,87,10,17,10,1611,414,727,310,103,32,19,6
1400000US06085509106,Census Tract 5091.06; Santa Clara County; California,1885,505,90,190,125,65,18,14,3,1380,363,526,233,131,81,29,17
1400000US06085509107,Census Tract 5091.07; Santa Clara County; California,2089,43,7,17,6,6,6,1,0,2046,436,786,447,236,94,28,19
1400000US06085509108,Census Tract 5091.08; Santa Clara County; California,1886,688,160,208,156,106,35,10,13,1198,376,375,206,144,55,19,23
1400000US06085509109,Census Tract 5091.09; Santa Clara County; California,2298,1186,292,401,241,187,47,10,8,1112,252,383,266,142,39,23,7
1400000US06085509110,Census Tract 5091.10; Santa Clara County; California,1528,298,61,111,37,61,17,8,3,1230,335,478,221,146,39,6,5
1400000US06085509111,Census Tract 5091.11; Santa Clara County; California,1814,772,259,254,130,80,28,9,12,1042,291,348,180,133,51,19,20
1400000US06085509201,Census Tract 5092.01; Santa Clara County; California,2543,990,391,283,174,112,12,8,10,1553,546,631,201,102,45,20,8
1400000US06085509202,Census Tract 5092.02; Santa Clara County; California,1807,826,149,283,153,153,47,25,16,981,372,296,155,93,36,20,9
1400000US06085509302,Census Tract 5093.02; Santa Clara County; California,1225,767,147,266,150,153,36,10,5,458,137,97,80,93,31,11,9
1400000US06085509303,Census Tract 5093.03; Santa Clara County; California,1809,488,181,139,80,60,14,13,1,1321,603,452,136,90,24,11,5
1400000US06085509304,Census Tract 5093.04; Santa Clara County; California,1305,536,148,180,114,65,20,5,4,769,186,293,136,102,20,22,10
1400000US06085509401,Census Tract 5094.01; Santa Clara County; California,1801,308,63,90,68,63,14,2,8,1493,685,410,190,128,54,14,12
1400000US06085509403,Census Tract 5094.03; Santa Clara County; California,2134,208,110,48,18,23,8,0,1,1926,633,626,263,222,113,39,30
1400000US06085509404,Census Tract 5094.04; Santa Clara County; California,2815,817,233,241,151,131,48,11,2,1998,658,672,325,203,91,29,20
1400000US06085509500,Census Tract 5095; Santa Clara County; California,2373,461,97,145,89,82,28,4,16,1912,681,650,271,191,73,21,25
1400000US06085509600,Census Tract 5096; Santa Clara County; California,1666,425,99,164,73,57,14,11,7,1241,395,521,206,88,18,9,4
1400000US06085509700,Census Tract 5097; Santa Clara County; California,1418,580,144,191,94,106,27,11,7,838,296,312,121,75,24,8,2
1400000US06085509801,Census Tract 5098.01; Santa Clara County; California,2539,1309,244,376,257,313,84,27,8,1230,518,349,154,139,33,29,8
1400000US06085509802,Census Tract 5098.02; Santa Clara County; California,1089,647,92,194,117,160,54,22,8,442,143,119,63,72,25,11,9
1400000US06085509901,Census Tract 5099.01; Santa Clara County; California,728,591,74,188,129,159,28,7,6,137,31,27,29,33,10,4,3
1400000US06085509902,Census Tract 5099.02; Santa Clara County; California,1890,1338,201,435,238,332,86,30,16,552,179,143,86,90,29,11,14
1400000US06085510001,Census Tract 5100.01; Santa Clara County; California,2067,1832,217,608,323,466,154,44,20,235,33,59,49,63,23,3,5
1400000US06085510002,Census Tract 5100.02; Santa Clara County; California,1270,1075,132,366,204,251,77,27,18,195,29,43,33,61,18,11,0
1400000US06085510100,Census Tract 5101; Santa Clara County; California,1076,973,147,367,164,203,66,18,8,103,17,21,15,30,16,3,1
1400000US06085510200,Census Tract 5102; Santa Clara County; California,1492,1327,152,403,261,336,110,50,15,165,21,33,32,58,14,7,0
1400000US06085510300,Census Tract 5103; Santa Clara County; California,1757,1259,275,436,187,253,83,17,8,498,117,127,85,106,49,5,9
1400000US06085510400,Census Tract 5104; Santa Clara County; California,1314,968,149,293,175,248,73,21,9,346,85,106,66,53,14,11,11
1400000US06085510500,Census Tract 5105; Santa Clara County; California,1965,1443,233,494,233,326,107,34,16,522,248,89,51,98,29,6,1
1400000US06085510600,Census Tract 5106; Santa Clara County; California,2333,1356,249,467,267,262,75,21,15,977,267,277,172,162,55,30,14
1400000US06085510700,Census Tract 5107; Santa Clara County; California,2185,810,118,208,191,217,55,9,12,1375,505,427,181,185,45,20,12
1400000US06085510801,Census Tract 5108.01; Santa Clara County; California,2138,1533,273,487,277,336,106,47,7,605,166,115,112,149,50,10,3
1400000US06085510802,Census Tract 5108.02; Santa Clara County; California,692,521,87,176,95,122,30,6,5,171,30,35,38,45,14,7,2
1400000US06085510803,Census Tract 5108.03; Santa Clara County; California,1104,559,85,182,100,140,40,9,3,545,218,139,82,63,25,10,8
1400000US06085510900,Census Tract 5109; Santa Clara County; California,1993,1142,175,386,226,256,64,26,9,851,225,229,141,181,55,18,2
1400000US06085511000,Census Tract 5110; Santa Clara County; California,2425,1364,229,390,259,336,95,36,19,1061,245,276,213,230,69,21,7
1400000US06085511100,Census Tract 5111; Santa Clara County; California,1882,1562,215,549,292,368,109,24,5,320,31,47,60,116,50,9,7
1400000US06085511200,Census Tract 5112; Santa Clara County; California,1700,1301,215,474,240,233,100,24,15,399,79,109,81,85,33,8,4
1400000US06085511301,Census Tract 5113.01; Santa Clara County; California,1705,659,168,222,116,96,44,11,2,1046,504,276,111,98,32,18,7
1400000US06085511302,Census Tract 5113.02; Santa Clara County; California,2162,552,189,181,69,69,32,7,5,1610,874,518,129,51,24,13,1
1400000US06085511400,Census Tract 5114; Santa Clara County; California,1300,923,150,332,180,172,64,16,9,377,58,113,75,96,21,8,6
1400000US06085511501,Census Tract 5115.01; Santa Clara County; California,2097,812,197,262,152,139,39,17,6,1285,509,422,163,122,37,24,8
1400000US06085511502,Census Tract 5115.02; Santa Clara County; California,833,777,122,313,117,129,70,16,10,56,21,16,1,7,7,2,2
1400000US06085511608,Census Tract 5116.08; Santa Clara County; California,368,2,0,0,1,1,0,0,0,366,253,75,13,15,3,1,6
1400000US06085511609,Census Tract 5116.09; Santa Clara County; California,1756,155,110,38,6,1,0,0,0,1601,665,505,207,147,49,14,14
1400000US06085511701,Census Tract 5117.01; Santa Clara County; California,1422,1235,118,446,226,261,110,55,19,187,29,30,42,34,32,9,11
1400000US06085511702,Census Tract 5117.02; Santa Clara County; California,969,866,93,300,175,195,71,27,5,103,20,18,14,27,14,9,1
1400000US06085511704,Census Tract 5117.04; Santa Clara County; California,1608,1473,159,620,249,241,125,45,34,135,27,32,25,15,18,7,11
1400000US06085511705,Census Tract 5117.05; Santa Clara County; California,549,404,76,124,53,79,46,14,12,145,24,25,43,19,26,5,3
1400000US06085511707,Census Tract 5117.07; Santa Clara County; California,1145,995,248,367,151,137,55,18,19,150,46,37,31,16,10,3,7
1400000US06085511800,Census Tract 5118; Santa Clara County; California,1587,1273,209,478,231,240,72,32,11,314,101,110,48,26,15,4,10
1400000US06085511905,Census Tract 5119.05; Santa Clara County; California,1061,877,118,255,177,230,61,26,10,184,20,34,45,57,18,6,4
1400000US06085511907,Census Tract 5119.07; Santa Clara County; California,1320,1121,158,299,239,306,86,23,10,199,15,22,43,76,30,7,6
1400000US06085511910,Census Tract 5119.10; Santa Clara County; California,1040,962,126,327,183,230,72,14,10,78,8,14,19,21,11,2,3
1400000US06085511911,Census Tract 5119.11; Santa Clara County; California,1831,1404,268,496,230,258,108,22,22,427,97,129,89,62,23,16,11
1400000US06085511912,Census Tract 5119.12; Santa Clara County; California,1732,1526,146,482,328,441,88,29,12,206,11,40,36,84,28,3,4
1400000US06085511913,Census Tract 5119.13; Santa Clara County; California,1427,1313,166,410,248,337,109,25,18,114,5,25,29,29,13,10,3
1400000US06085511914,Census Tract 5119.14; Santa Clara County; California,1940,1722,226,593,348,390,108,43,14,218,26,35,55,65,24,4,9
1400000US06085511915,Census Tract 5119.15; Santa Clara County; California,1238,434,82,100,78,109,45,14,6,804,237,155,130,140,85,27,30
1400000US06085511916,Census Tract 5119.16; Santa Clara County; California,1654,1154,131,341,236,315,106,11,14,500,113,119,78,102,47,21,20
1400000US06085511917,Census Tract 5119.17; Santa Clara County; California,1669,1520,140,505,317,394,99,45,20,149,15,26,32,50,16,5,5
1400000US06085511918,Census Tract 5119.18; Santa Clara County; California,1097,975,58,287,225,290,78,24,13,122,17,23,23,30,17,8,4
1400000US06085512001,Census Tract 5120.01; Santa Clara County; California,2055,1726,157,469,371,442,165,72,50,329,31,46,79,87,42,26,18
1400000US06085512005,Census Tract 5120.05; Santa Clara County; California,2181,1690,236,562,377,343,114,34,24,491,66,114,98,98,64,25,26
1400000US06085512019,Census Tract 5120.19; Santa Clara County; California,1496,901,133,268,204,152,73,50,21,595,96,183,118,104,48,33,13
1400000US06085512021,Census Tract 5120.21; Santa Clara County; California,2041,1646,304,492,316,273,157,55,49,395,53,106,74,92,36,15,19
1400000US06085512022,Census Tract 5120.22; Santa Clara County; California,1870,1124,224,341,196,196,86,42,39,746,116,170,153,128,93,35,51
1400000US06085512023,Census Tract 5120.23; Santa Clara County; California,1921,947,277,252,178,126,68,26,20,974,95,221,238,206,103,58,53
1400000US06085512024,Census Tract 5120.24; Santa Clara County; California,1638,890,153,294,197,155,57,18,16,748,150,197,160,116,63,32,30
1400000US06085512025,Census Tract 5120.25; Santa Clara County; California,1064,834,85,270,152,192,67,32,36,230,123,36,15,18,18,13,7
1400000US06085512026,Census Tract 5120.26; Santa Clara County; California,1331,927,175,287,195,161,65,27,17,404,45,87,81,97,47,18,29
1400000US06085512027,Census Tract 5120.27; Santa Clara County; California,1622,633,102,187,140,110,56,26,12,989,336,269,121,137,68,42,16
1400000US06085512029,Census Tract 5120.29; Santa Clara County; California,2259,1730,341,525,343,281,119,67,54,529,91,132,98,90,52,22,44
1400000US06085512030,Census Tract 5120.30; Santa Clara County; California,963,827,84,266,169,180,67,40,21,136,15,27,28,24,16,16,10
1400000US06085512031,Census Tract 5120.31; Santa Clara County; California,1376,1097,130,352,222,255,88,31,19,279,20,35,69,82,39,19,15
1400000US06085512032,Census Tract 5120.32; Santa Clara County; California,1086,879,129,287,160,171,87,23,22,207,20,41,32,48,35,18,13
1400000US06085512034,Census Tract 5120.34; Santa Clara County; California,1038,814,135,262,143,161,61,38,14,224,13,56,45,47,31,18,14
1400000US06085512035,Census Tract 5120.35; Santa Clara County; California,1359,1071,132,319,237,226,94,43,20,288,66,51,48,39,50,21,13
1400000US06085512036,Census Tract 5120.36; Santa Clara County; California,1855,648,75,154,169,153,65,12,20,1207,340,358,227,155,63,45,19
1400000US06085512037,Census Tract 5120.37; Santa Clara County; California,964,778,84,224,185,175,76,16,18,186,16,28,43,30,39,16,14
1400000US06085512038,Census Tract 5120.38; Santa Clara County; California,1058,707,131,223,161,112,41,25,14,351,69,88,71,66,30,12,15
1400000US06085512039,Census Tract 5120.39; Santa Clara County; California,1424,1067,97,250,238,290,97,51,44,357,50,46,70,83,55,24,29
1400000US06085512042,Census Tract 5120.42; Santa Clara County; California,864,456,45,95,106,73,74,26,37,408,115,82,72,57,38,17,27
1400000US06085512043,Census Tract 5120.43; Santa Clara County; California,1598,602,91,123,121,122,61,41,43,996,101,173,182,225,142,91,82
1400000US06085512045,Census Tract 5120.45; Santa Clara County; California,1813,1475,213,467,285,321,107,42,40,338,26,64,72,92,39,34,11
1400000US06085512047,Census Tract 5120.47; Santa Clara County; California,1716,1331,213,414,301,245,87,39,32,385,36,102,65,84,37,34,27
1400000US06085512052,Census Tract 5120.52; Santa Clara County; California,1744,772,246,285,111,62,35,14,19,972,244,348,191,93,48,26,22
1400000US06085512053,Census Tract 5120.53; Santa Clara County; California,1544,959,180,301,169,179,69,32,29,585,69,139,156,95,77,26,23
1400000US06085512054,Census Tract 5120.54; Santa Clara County; California,1721,2,0,0,1,0,0,0,1,1719,434,590,325,181,98,50,41
1400000US06085512055,Census Tract 5120.55; Santa Clara County; California,916,474,45,128,97,98,54,21,31,442,97,124,66,85,26,19,25
1400000US06085512056,Census Tract 5120.56; Santa Clara County; California,1115,720,89,197,121,147,90,36,40,395,42,87,56,85,55,35,35
1400000US06085512057,Census Tract 5120.57; Santa Clara County; California,1074,657,74,178,125,130,78,45,27,417,65,88,65,77,56,37,29
1400000US06085512058,Census Tract 5120.58; Santa Clara County; California,2499,571,81,170,172,93,32,8,15,1928,562,640,387,201,82,16,40
1400000US06085512059,Census Tract 5120.59; Santa Clara County; California,1996,1412,160,422,305,353,92,52,28,584,114,130,119,120,50,27,24
1400000US06085512100,Census Tract 5121; Santa Clara County; California,489,296,53,82,55,42,30,21,13,193,36,31,30,53,23,8,12
1400000US06085512200,Census Tract 5122; Santa Clara County; California,1648,1383,169,557,186,262,103,72,34,265,64,81,38,43,19,7,13
1400000US06085512305,Census Tract 5123.05; Santa Clara County; California,1538,1285,138,439,240,245,119,62,42,253,34,93,38,44,26,10,8
1400000US06085512307,Census Tract 5123.07; Santa Clara County; California,2472,1937,350,693,322,380,122,40,30,535,115,143,101,86,50,22,18
1400000US06085512308,Census Tract 5123.08; Santa Clara County; California,2814,2466,241,790,471,614,229,73,48,348,88,67,51,64,38,21,19
1400000US06085512309,Census Tract 5123.09; Santa Clara County; California,1709,1434,194,520,313,235,115,39,18,275,41,61,55,46,35,22,15
1400000US06085512310,Census Tract 5123.10; Santa Clara County; California,1859,807,159,206,151,160,66,35,30,1052,360,235,155,154,76,50,22
1400000US06085512311,Census Tract 5123.11; Santa Clara County; California,1370,1090,201,331,195,214,85,36,28,280,43,46,70,58,31,21,11
1400000US06085512312,Census Tract 5123.12; Santa Clara County; California,1267,1025,154,320,200,198,92,37,24,242,51,67,39,40,17,14,14
1400000US06085512313,Census Tract 5123.13; Santa Clara County; California,1237,471,52,146,101,84,52,23,13,766,151,180,146,121,98,47,23
1400000US06085512314,Census Tract 5123.14; Santa Clara County; California,2190,1302,201,399,227,268,119,62,26,888,189,205,138,156,114,38,48
1400000US06085512401,Census Tract 5124.01; Santa Clara County; California,1407,1012,149,369,177,145,88,44,40,395,77,95,70,66,37,21,29
1400000US06085512402,Census Tract 5124.02; Santa Clara County; California,1528,1126,138,428,171,192,82,54,61,402,80,91,57,84,44,19,27
1400000US06085512505,Census Tract 5125.05; Santa Clara County; California,2229,1222,133,298,222,272,152,68,77,1007,165,222,192,180,125,66,57
1400000US06085512509,Census Tract 5125.09; Santa Clara County; California,1806,1448,173,370,289,305,156,72,83,358,31,62,71,78,61,29,26
1400000US06085512510,Census Tract 5125.10; Santa Clara County; California,2686,1725,222,561,325,314,179,76,48,961,330,195,150,134,75,46,31
1400000US06085512511,Census Tract 5125.11; Santa Clara County; California,1384,779,155,250,147,104,59,33,31,605,232,121,67,81,61,21,22
1400000US06085512512,Census Tract 5125.12; Santa Clara County; California,1213,632,84,205,107,100,62,43,31,581,72,77,126,106,107,51,42
1400000US06085512513,Census Tract 5125.13; Santa Clara County; California,1182,513,57,135,93,103,56,27,42,669,109,132,125,132,94,52,25
1400000US06085512514,Census Tract 5125.14; Santa Clara County; California,919,541,51,96,126,127,90,20,31,378,33,74,61,91,65,20,34
1400000US06085512515,Census Tract 5125.15; Santa Clara County; California,1668,1464,127,409,276,337,166,78,71,204,16,42,34,53,34,18,7
1400000US06085512516,Census Tract 5125.16; Santa Clara County; California,1277,1111,124,379,208,204,110,51,35,166,21,27,37,44,19,12,6
1400000US06085512602,Census Tract 5126.02; Santa Clara County; California,1086,592,110,198,97,82,42,25,38,494,112,117,60,78,53,32,42
1400000US06085512603,Census Tract 5126.03; Santa Clara County; California,1326,229,34,53,30,41,35,16,20,1097,162,167,200,218,164,88,98
1400000US06085512604,Census Tract 5126.04; Santa Clara County; California,1296,524,92,126,87,88,59,28,44,772,92,140,122,160,119,51,88
1400000US06085513000,Census Tract 5130; Santa Clara County; California,3299,41,3,4,11,19,2,1,1,3258,1535,1257,228,156,43,23,16
1400000US06085513500,Census Tract 5135; Santa Clara County; California,341,200,35,88,27,26,10,7,7,141,27,40,25,27,10,5,7
