GEO_ID,NAME,B02001_001E,B02001_001M,B02001_002E,B02001_002M,B02001_003E,B02001_003M,B02001_004E,B02001_004M,B02001_005E,B02001_005M,B02001_006E,B02001_006M,B02001_007E,B02001_007M,B02001_008E,B02001_008M,B02001_009E,B02001_009M,B02001_010E,B02001_010M
Geography,Geographic Area Name,Estimate!!Total,Margin of Error!!Total,Estimate!!Total!!White alone,Margin of Error!!Total!!White alone,Estimate!!Total!!Black or African American alone,Margin of Error!!Total!!Black or African American alone,Estimate!!Total!!American Indian and Alaska Native alone,Margin of Error!!Total!!American Indian and Alaska Native alone,Estimate!!Total!!Asian alone,Margin of Error!!Total!!Asian alone,Estimate!!Total!!Native Hawaiian and Other Pacific Islander alone,Margin of Error!!Total!!Native Hawaiian and Other Pacific Islander alone,Estimate!!Total!!Some other race alone,Margin of Error!!Total!!Some other race alone,Estimate!!Total!!Two or more races,Margin of Error!!Total!!Two or more races,Estimate!!Total!!Two or more races!!Two races including Some other race,Margin of Error!!Total!!Two or more races!!Two races including Some other race,"Estimate!!Total!!Two or more races!!Two races excluding Some other race, and three or more races","Margin of Error!!Total!!Two or more races!!Two races excluding Some other race, and three or more races"
0500000US06085,"Santa Clara County, California",1739396,*****,879240,6066,44431,1019,9905,1226,547207,2207,6497,441,184384,5903,67732,2716,17425,1665,50307,2378
1400000US06085500100,"Census Tract 5001, Santa Clara County, California",5859,719,2192,573,324,174,245,199,1500,319,0,132,1463,585,135,84,62,68,73,49
1400000US06085500200,"Census Tract 5002, Santa Clara County, California",5555,410,2884,354,409,241,275,198,753,227,0,132,974,325,260,127,19,23,241,124
1400000US06085500300,"Census Tract 5003, Santa Clara County, California",3743,937,1934,506,46,38,100,111,468,154,0,132,1098,412,97,69,68,67,29,28
1400000US06085500400,"Census Tract 5004, Santa Clara County, California",2443,325,1598,214,113,107,0,132,158,106,0,132,485,313,89,82,0,132,89,82
1400000US06085500500,"Census Tract 5005, Santa Clara County, California",5217,342,4012,425,8,13,11,16,476,134,0,132,340,204,370,171,63,79,307,147
1400000US06085500600,"Census Tract 5006, Santa Clara County, California",4612,563,2974,653,99,74,34,37,419,188,0,132,820,399,266,102,28,37,238,99
1400000US06085500800,"Census Tract 5008, Santa Clara County, California",2126,308,979,251,100,94,6,14,473,147,6,17,551,266,11,17,0,132,11,17
1400000US06085500901,"Census Tract 5009.01, Santa Clara County, California",3157,386,1529,309,158,87,21,33,682,187,22,32,626,298,119,100,39,49,80,87
1400000US06085500902,"Census Tract 5009.02, Santa Clara County, California",2600,730,722,322,79,55,36,56,1200,423,0,132,436,156,127,94,49,80,78,56
1400000US06085501000,"Census Tract 5010, Santa Clara County, California",4795,656,1690,455,261,178,428,540,716,187,0,132,1650,612,50,50,0,132,50,50
1400000US06085501101,"Census Tract 5011.01, Santa Clara County, California",3730,424,1688,370,22,37,16,28,1061,236,22,32,556,301,365,248,38,42,327,248
1400000US06085501102,"Census Tract 5011.02, Santa Clara County, California",4417,606,2483,696,181,171,8,14,382,169,0,132,1324,556,39,49,39,49,0,132
1400000US06085501200,"Census Tract 5012, Santa Clara County, California",3642,353,1978,431,99,76,73,59,435,172,15,23,934,311,108,94,0,132,108,94
1400000US06085501300,"Census Tract 5013, Santa Clara County, California",3793,651,2271,437,100,114,36,43,469,164,31,53,653,351,233,106,64,56,169,94
1400000US06085501401,"Census Tract 5014.01, Santa Clara County, California",3193,425,1104,351,24,40,19,22,321,101,0,132,1715,473,10,15,10,15,0,132
1400000US06085501402,"Census Tract 5014.02, Santa Clara County, California",2740,476,1193,358,0,132,41,65,237,155,0,132,1240,599,29,35,11,18,18,28
1400000US06085501501,"Census Tract 5015.01, Santa Clara County, California",4338,431,1417,513,146,190,0,132,964,238,21,24,1583,497,207,162,121,125,86,90
1400000US06085501502,"Census Tract 5015.02, Santa Clara County, California",3610,539,1235,389,204,245,12,19,388,228,0,132,1706,711,65,56,48,61,17,18
1400000US06085501600,"Census Tract 5016, Santa Clara County, California",5791,654,2785,548,481,454,0,132,926,316,0,132,1296,515,303,198,183,167,120,106
1400000US06085501700,"Census Tract 5017, Santa Clara County, California",4343,460,2217,425,74,85,0,132,109,74,0,132,1856,548,87,69,32,51,55,44
1400000US06085501800,"Census Tract 5018, Santa Clara County, California",4924,503,2763,384,45,37,167,205,416,305,30,65,1199,396,304,151,134,78,170,132
1400000US06085501900,"Census Tract 5019, Santa Clara County, California",4496,539,1744,333,705,386,38,42,776,223,0,132,1106,509,127,84,56,50,71,56
1400000US06085502001,"Census Tract 5020.01, Santa Clara County, California",4920,512,2959,517,75,92,30,48,612,326,25,39,1122,506,97,89,43,70,54,46
1400000US06085502002,"Census Tract 5020.02, Santa Clara County, California",4788,566,2415,531,119,90,16,25,131,69,27,36,1821,465,259,126,94,89,165,95
1400000US06085502101,"Census Tract 5021.01, Santa Clara County, California",4681,337,2928,354,19,22,35,34,934,245,26,34,675,399,64,63,47,60,17,20
1400000US06085502102,"Census Tract 5021.02, Santa Clara County, California",6661,569,3806,540,399,221,24,29,926,234,0,132,1356,506,150,127,40,56,110,115
1400000US06085502201,"Census Tract 5022.01, Santa Clara County, California",6594,707,2969,558,494,232,52,44,1202,370,91,123,1359,815,427,376,287,347,140,104
1400000US06085502202,"Census Tract 5022.02, Santa Clara County, California",2554,231,1814,257,126,83,32,27,332,110,0,132,121,113,129,75,6,11,123,74
1400000US06085502301,"Census Tract 5023.01, Santa Clara County, California",2923,194,2240,219,67,75,0,132,193,125,0,132,385,170,38,46,0,132,38,46
1400000US06085502302,"Census Tract 5023.02, Santa Clara County, California",2914,348,2132,466,32,37,15,26,143,129,0,132,338,200,254,161,87,79,167,130
1400000US06085502400,"Census Tract 5024, Santa Clara County, California",6989,368,5682,480,199,156,0,132,398,173,45,54,444,346,221,109,28,34,193,102
1400000US06085502500,"Census Tract 5025, Santa Clara County, California",5876,312,4463,364,117,143,18,21,348,190,0,132,447,152,483,246,259,238,224,144
1400000US06085502601,"Census Tract 5026.01, Santa Clara County, California",2712,229,2306,248,13,20,20,21,197,111,0,132,82,79,94,73,32,45,62,60
1400000US06085502603,"Census Tract 5026.03, Santa Clara County, California",2650,210,2077,256,26,45,0,132,199,119,0,132,126,132,222,135,31,54,191,123
1400000US06085502604,"Census Tract 5026.04, Santa Clara County, California",4384,403,2729,341,144,111,0,132,738,268,0,132,173,104,600,462,342,454,258,161
1400000US06085502701,"Census Tract 5027.01, Santa Clara County, California",4429,309,3300,328,66,67,0,132,673,158,0,132,157,131,233,125,41,44,192,108
1400000US06085502702,"Census Tract 5027.02, Santa Clara County, California",7720,510,6030,596,200,158,16,25,995,267,0,132,219,175,260,125,72,78,188,108
1400000US06085502800,"Census Tract 5028, Santa Clara County, California",4130,288,3172,288,7,13,193,203,424,168,0,132,123,122,211,116,68,83,143,79
1400000US06085502901,"Census Tract 5029.01, Santa Clara County, California",5821,361,4472,388,18,28,17,27,857,259,54,57,252,166,151,136,0,132,151,136
1400000US06085502902,"Census Tract 5029.02, Santa Clara County, California",7498,427,5348,627,189,136,4,8,690,203,0,132,911,535,356,163,69,74,287,145
1400000US06085502903,"Census Tract 5029.03, Santa Clara County, California",5108,381,4173,394,97,103,14,22,373,155,17,27,226,268,208,103,12,20,196,103
1400000US06085502906,"Census Tract 5029.06, Santa Clara County, California",4325,386,3232,427,113,143,0,132,429,128,0,132,303,208,248,152,64,65,184,127
1400000US06085502907,"Census Tract 5029.07, Santa Clara County, California",3504,223,2581,371,27,44,0,132,471,234,0,132,143,110,282,125,53,56,229,123
1400000US06085502908,"Census Tract 5029.08, Santa Clara County, California",6867,469,4826,523,228,184,60,59,1078,275,0,132,321,256,354,193,22,35,332,188
1400000US06085502909,"Census Tract 5029.09, Santa Clara County, California",5038,459,3202,550,92,90,0,132,1035,421,0,132,530,281,179,159,30,55,149,148
1400000US06085502910,"Census Tract 5029.10, Santa Clara County, California",3524,223,2639,274,11,16,56,52,618,174,0,132,82,82,118,101,47,70,71,55
1400000US06085503001,"Census Tract 5030.01, Santa Clara County, California",3891,260,2960,327,110,102,13,24,331,111,0,132,220,135,257,164,11,20,246,164
1400000US06085503002,"Census Tract 5030.02, Santa Clara County, California",3451,243,2559,333,19,23,15,22,413,164,10,17,219,169,216,108,47,40,169,95
1400000US06085503003,"Census Tract 5030.03, Santa Clara County, California",5348,305,3926,280,26,42,59,66,691,142,0,132,364,218,282,127,75,63,207,118
1400000US06085503105,"Census Tract 5031.05, Santa Clara County, California",2100,408,261,214,0,132,0,132,1202,323,0,132,627,315,10,16,0,132,10,16
1400000US06085503108,"Census Tract 5031.08, Santa Clara County, California",7908,576,3297,614,301,189,11,18,2680,324,0,132,1358,707,261,122,102,80,159,99
1400000US06085503110,"Census Tract 5031.10, Santa Clara County, California",4467,474,1921,506,25,29,0,132,1609,371,0,132,852,412,60,62,0,132,60,62
1400000US06085503111,"Census Tract 5031.11, Santa Clara County, California",4676,577,2048,631,37,43,8,11,1958,342,0,132,553,307,72,99,0,132,72,99
1400000US06085503112,"Census Tract 5031.12, Santa Clara County, California",4033,386,1439,436,96,74,28,31,730,176,0,132,1687,493,53,47,53,47,0,132
1400000US06085503113,"Census Tract 5031.13, Santa Clara County, California",5351,531,1710,496,90,85,7,11,97,88,0,132,3364,636,83,85,0,132,83,85
1400000US06085503115,"Census Tract 5031.15, Santa Clara County, California",5574,366,3099,347,60,70,172,190,1794,224,0,132,317,179,132,95,45,54,87,71
1400000US06085503116,"Census Tract 5031.16, Santa Clara County, California",5045,422,2291,390,356,354,0,132,1701,278,0,132,557,359,140,78,10,16,130,77
1400000US06085503117,"Census Tract 5031.17, Santa Clara County, California",2986,463,886,414,107,173,22,41,952,181,0,132,917,453,102,111,34,59,68,97
1400000US06085503118,"Census Tract 5031.18, Santa Clara County, California",4850,693,1763,618,132,120,176,166,1866,354,0,132,813,469,100,119,15,24,85,119
1400000US06085503121,"Census Tract 5031.21, Santa Clara County, California",4222,619,2384,630,291,144,63,62,420,278,0,132,869,466,195,115,57,57,138,92
1400000US06085503122,"Census Tract 5031.22, Santa Clara County, California",2736,366,1227,395,77,65,50,51,1169,326,38,61,127,90,48,47,29,33,19,34
1400000US06085503123,"Census Tract 5031.23, Santa Clara County, California",3609,631,1328,354,328,243,62,100,355,123,0,132,1433,716,103,92,68,80,35,34
1400000US06085503204,"Census Tract 5032.04, Santa Clara County, California",7157,571,2904,587,691,253,137,112,2090,327,0,132,1212,547,123,85,11,19,112,84
1400000US06085503207,"Census Tract 5032.07, Santa Clara County, California",4142,519,630,201,198,181,0,132,2434,343,22,37,558,493,300,225,27,32,273,228
1400000US06085503208,"Census Tract 5032.08, Santa Clara County, California",3867,539,1879,450,182,157,0,132,1248,344,0,132,525,301,33,46,0,132,33,46
1400000US06085503210,"Census Tract 5032.10, Santa Clara County, California",4302,533,1910,450,160,179,0,132,1800,527,0,132,432,401,0,132,0,132,0,132
1400000US06085503211,"Census Tract 5032.11, Santa Clara County, California",4696,426,1557,298,61,97,45,55,2576,308,0,132,441,323,16,19,0,132,16,19
1400000US06085503212,"Census Tract 5032.12, Santa Clara County, California",4587,389,1265,386,178,131,94,115,2581,431,0,132,330,275,139,89,72,73,67,77
1400000US06085503213,"Census Tract 5032.13, Santa Clara County, California",4484,376,1225,312,117,98,0,132,2540,318,0,132,477,240,125,106,91,101,34,49
1400000US06085503214,"Census Tract 5032.14, Santa Clara County, California",6802,705,1686,570,10,16,0,132,3689,640,224,296,900,389,293,170,128,132,165,153
1400000US06085503217,"Census Tract 5032.17, Santa Clara County, California",4564,537,2357,614,0,132,14,21,1088,272,93,142,981,394,31,39,0,132,31,39
1400000US06085503218,"Census Tract 5032.18, Santa Clara County, California",3920,427,2064,492,128,122,0,132,532,195,0,132,990,451,206,160,139,133,67,93
1400000US06085503304,"Census Tract 5033.04, Santa Clara County, California",6050,546,2185,485,163,110,14,22,2912,388,0,132,499,234,277,194,47,71,230,188
1400000US06085503305,"Census Tract 5033.05, Santa Clara County, California",5678,564,1869,479,17,23,28,44,2947,489,11,18,677,323,129,89,58,54,71,66
1400000US06085503306,"Census Tract 5033.06, Santa Clara County, California",3504,440,2068,501,85,85,25,38,686,318,42,60,444,289,154,132,82,114,72,69
1400000US06085503312,"Census Tract 5033.12, Santa Clara County, California",3422,450,1361,357,395,238,0,132,1222,378,12,19,216,183,216,139,62,51,154,119
1400000US06085503313,"Census Tract 5033.13, Santa Clara County, California",4395,478,1709,437,109,112,53,63,1991,331,0,132,278,178,255,268,205,250,50,66
1400000US06085503315,"Census Tract 5033.15, Santa Clara County, California",7856,656,2443,670,333,199,64,64,3564,516,0,132,1017,440,435,209,169,147,266,114
1400000US06085503321,"Census Tract 5033.21, Santa Clara County, California",4565,351,726,190,36,41,0,132,3640,372,12,21,72,98,79,71,0,132,79,71
1400000US06085503322,"Census Tract 5033.22, Santa Clara County, California",4132,401,1705,445,108,77,13,21,1767,444,31,47,371,170,137,107,25,39,112,97
1400000US06085503323,"Census Tract 5033.23, Santa Clara County, California",5295,331,1805,400,56,46,0,132,2768,385,213,242,331,208,122,125,72,93,50,50
1400000US06085503324,"Census Tract 5033.24, Santa Clara County, California",3709,310,785,348,250,217,0,132,2474,457,0,132,109,106,91,102,91,102,0,132
1400000US06085503325,"Census Tract 5033.25, Santa Clara County, California",4266,385,1054,298,140,104,19,31,2275,412,40,40,425,253,313,263,170,192,143,123
1400000US06085503326,"Census Tract 5033.26, Santa Clara County, California",6134,334,1224,289,28,43,5,9,4722,383,0,132,80,76,75,66,10,18,65,64
1400000US06085503327,"Census Tract 5033.27, Santa Clara County, California",4452,450,1853,307,10,18,7,11,1997,498,0,132,431,271,154,129,21,25,133,129
1400000US06085503329,"Census Tract 5033.29, Santa Clara County, California",3336,330,493,176,55,49,0,132,2278,425,0,132,307,164,203,139,11,18,192,137
1400000US06085503330,"Census Tract 5033.30, Santa Clara County, California",7460,482,1014,202,36,37,0,132,5965,534,0,132,226,138,219,138,33,53,186,130
1400000US06085503331,"Census Tract 5033.31, Santa Clara County, California",3535,207,1916,223,109,117,9,16,1170,242,0,132,131,101,200,138,30,43,170,139
1400000US06085503332,"Census Tract 5033.32, Santa Clara County, California",5500,392,4023,419,92,85,58,77,1005,266,0,132,142,72,180,139,28,34,152,134
1400000US06085503333,"Census Tract 5033.33, Santa Clara County, California",4837,380,2346,456,133,143,0,132,2027,299,43,66,134,213,154,125,32,54,122,111
1400000US06085503334,"Census Tract 5033.34, Santa Clara County, California",9621,491,3436,508,362,226,0,132,5550,646,0,132,42,49,231,162,89,114,142,91
1400000US06085503336,"Census Tract 5033.36, Santa Clara County, California",3431,288,975,442,34,42,147,174,1557,230,117,145,281,208,320,210,106,114,214,187
1400000US06085503337,"Census Tract 5033.37, Santa Clara County, California",3885,331,1037,196,35,37,0,132,2436,420,0,132,166,121,211,173,65,75,146,176
1400000US06085503401,"Census Tract 5034.01, Santa Clara County, California",4204,550,1495,564,20,37,0,132,836,313,0,132,1841,411,12,18,12,18,0,132
1400000US06085503402,"Census Tract 5034.02, Santa Clara County, California",4695,608,2902,516,90,93,87,169,776,311,110,146,560,354,170,133,104,117,66,64
1400000US06085503504,"Census Tract 5035.04, Santa Clara County, California",6417,646,3259,807,62,73,88,142,918,428,0,132,1984,774,106,138,84,132,22,36
1400000US06085503506,"Census Tract 5035.06, Santa Clara County, California",5715,597,2341,707,28,44,75,116,1943,402,15,25,1042,522,271,144,53,51,218,131
1400000US06085503507,"Census Tract 5035.07, Santa Clara County, California",1718,396,1098,507,211,259,0,132,163,165,64,78,161,109,21,26,0,132,21,26
1400000US06085503508,"Census Tract 5035.08, Santa Clara County, California",5502,542,2873,551,30,29,109,99,784,191,22,24,1652,600,32,39,20,33,12,20
1400000US06085503509,"Census Tract 5035.09, Santa Clara County, California",3968,371,1632,439,170,107,27,44,1135,415,0,132,898,339,106,71,20,32,86,66
1400000US06085503510,"Census Tract 5035.10, Santa Clara County, California",5676,594,3551,679,12,21,14,23,704,215,0,132,1154,600,241,188,117,140,124,122
1400000US06085503511,"Census Tract 5035.11, Santa Clara County, California",3395,414,574,273,91,144,0,132,2053,409,55,85,424,298,198,245,0,132,198,245
1400000US06085503601,"Census Tract 5036.01, Santa Clara County, California",2901,455,1426,409,102,91,14,23,461,243,0,132,804,225,94,78,34,48,60,60
1400000US06085503602,"Census Tract 5036.02, Santa Clara County, California",4012,410,1533,567,135,106,11,26,1226,199,53,102,998,438,56,70,56,70,0,132
1400000US06085503703,"Census Tract 5037.03, Santa Clara County, California",3621,370,1881,489,84,99,0,132,600,230,0,132,804,354,252,195,75,131,177,178
1400000US06085503707,"Census Tract 5037.07, Santa Clara County, California",4856,564,1458,458,56,60,0,132,2199,464,0,132,1113,492,30,36,0,132,30,36
1400000US06085503708,"Census Tract 5037.08, Santa Clara County, California",2632,273,398,227,80,83,0,132,1819,254,0,132,325,188,10,18,10,18,0,132
1400000US06085503709,"Census Tract 5037.09, Santa Clara County, California",5235,355,780,407,79,78,42,48,2855,395,33,28,1142,515,304,209,85,107,219,166
1400000US06085503710,"Census Tract 5037.10, Santa Clara County, California",3127,420,582,318,89,87,0,132,709,193,0,132,1747,453,0,132,0,132,0,132
1400000US06085503711,"Census Tract 5037.11, Santa Clara County, California",4459,536,1450,455,43,53,96,146,602,244,0,132,2139,618,129,124,78,109,51,55
1400000US06085503712,"Census Tract 5037.12, Santa Clara County, California",3415,385,567,298,232,152,0,132,1495,305,0,132,1081,251,40,81,40,81,0,132
1400000US06085503713,"Census Tract 5037.13, Santa Clara County, California",3339,493,2005,645,0,132,22,25,674,210,0,132,407,259,231,219,167,220,64,61
1400000US06085503802,"Census Tract 5038.02, Santa Clara County, California",7843,508,3688,626,79,64,44,73,2223,342,27,45,1312,528,470,350,235,297,235,189
1400000US06085503803,"Census Tract 5038.03, Santa Clara County, California",4799,377,1364,297,88,120,13,21,2751,416,0,132,447,385,136,77,0,132,136,77
1400000US06085503804,"Census Tract 5038.04, Santa Clara County, California",5039,411,1738,383,304,198,57,54,2281,252,0,132,539,384,120,98,60,60,60,69
1400000US06085503902,"Census Tract 5039.02, Santa Clara County, California",4852,500,2379,547,0,132,0,132,907,238,0,132,1442,690,124,175,124,175,0,132
1400000US06085503903,"Census Tract 5039.03, Santa Clara County, California",3484,467,1205,371,60,68,72,97,1135,195,47,57,898,479,67,60,0,132,67,60
1400000US06085504001,"Census Tract 5040.01, Santa Clara County, California",5796,699,3159,619,74,55,51,61,876,223,0,132,1334,554,302,184,117,138,185,106
1400000US06085504002,"Census Tract 5040.02, Santa Clara County, California",5810,571,1627,559,95,78,38,53,1768,528,89,133,2193,623,0,132,0,132,0,132
1400000US06085504101,"Census Tract 5041.01, Santa Clara County, California",4762,480,2703,626,253,159,42,57,683,146,46,55,1004,501,31,35,0,132,31,35
1400000US06085504102,"Census Tract 5041.02, Santa Clara County, California",5581,591,3384,640,165,114,0,132,557,212,0,132,1342,486,133,107,19,35,114,91
1400000US06085504201,"Census Tract 5042.01, Santa Clara County, California",4734,349,2950,439,144,97,85,131,774,228,114,148,392,147,275,128,112,85,163,91
1400000US06085504202,"Census Tract 5042.02, Santa Clara County, California",4256,423,2602,434,203,214,0,132,897,181,0,132,385,219,169,154,80,118,89,92
1400000US06085504307,"Census Tract 5043.07, Santa Clara County, California",6111,683,889,147,110,111,189,224,3773,372,14,23,932,758,204,87,68,51,136,77
1400000US06085504308,"Census Tract 5043.08, Santa Clara County, California",4272,247,1373,225,143,101,0,132,2028,237,0,132,555,183,173,104,39,48,134,105
1400000US06085504311,"Census Tract 5043.11, Santa Clara County, California",7722,450,709,236,174,171,0,132,6404,496,144,222,120,177,171,136,19,37,152,121
1400000US06085504314,"Census Tract 5043.14, Santa Clara County, California",4533,418,967,208,254,187,18,29,2883,349,0,132,216,131,195,120,108,90,87,79
1400000US06085504315,"Census Tract 5043.15, Santa Clara County, California",6338,405,1547,414,240,196,0,132,3780,356,0,132,563,403,208,148,97,103,111,107
1400000US06085504316,"Census Tract 5043.16, Santa Clara County, California",4959,297,1147,343,142,156,11,17,3160,280,0,132,415,250,84,81,0,132,84,81
1400000US06085504317,"Census Tract 5043.17, Santa Clara County, California",4291,343,846,224,108,114,0,132,2884,306,27,45,308,192,118,79,13,19,105,79
1400000US06085504318,"Census Tract 5043.18, Santa Clara County, California",4831,486,1008,291,127,84,30,45,2562,382,10,17,938,439,156,102,30,35,126,91
1400000US06085504319,"Census Tract 5043.19, Santa Clara County, California",6955,443,1749,398,159,127,0,132,4270,438,0,132,429,247,348,190,105,138,243,134
1400000US06085504320,"Census Tract 5043.20, Santa Clara County, California",3025,288,874,341,21,24,10,15,1785,229,10,18,284,183,41,46,10,17,31,34
1400000US06085504321,"Census Tract 5043.21, Santa Clara County, California",5356,362,973,263,84,84,12,20,3551,408,59,76,531,224,146,95,114,91,32,33
1400000US06085504322,"Census Tract 5043.22, Santa Clara County, California",4869,543,980,333,47,87,0,132,3470,716,112,120,34,59,226,216,0,132,226,216
1400000US06085504323,"Census Tract 5043.23, Santa Clara County, California",5965,434,968,410,217,331,63,101,3708,393,0,132,837,669,172,173,0,132,172,173
1400000US06085504410,"Census Tract 5044.10, Santa Clara County, California",4792,481,1328,423,183,172,228,283,2672,369,48,64,277,210,56,61,17,37,39,41
1400000US06085504411,"Census Tract 5044.11, Santa Clara County, California",5333,347,1265,228,96,115,16,26,3082,336,0,132,634,417,240,154,89,120,151,97
1400000US06085504412,"Census Tract 5044.12, Santa Clara County, California",4253,326,944,284,92,95,74,92,2114,424,70,67,610,292,349,234,134,153,215,193
1400000US06085504413,"Census Tract 5044.13, Santa Clara County, California",1803,113,388,97,98,124,0,132,1263,131,0,132,33,37,21,34,21,34,0,132
1400000US06085504414,"Census Tract 5044.14, Santa Clara County, California",5273,387,1226,333,0,132,0,132,3703,396,22,25,59,61,263,216,0,132,263,216
1400000US06085504415,"Census Tract 5044.15, Santa Clara County, California",5231,397,997,218,115,153,0,132,3460,468,0,132,436,233,223,104,65,63,158,89
1400000US06085504416,"Census Tract 5044.16, Santa Clara County, California",3383,208,1004,287,12,19,0,132,2007,229,0,132,297,293,63,79,0,132,63,79
1400000US06085504417,"Census Tract 5044.17, Santa Clara County, California",331,231,130,82,0,132,0,132,201,209,0,132,0,132,0,132,0,132,0,132
1400000US06085504418,"Census Tract 5044.18, Santa Clara County, California",4495,747,662,443,36,46,35,47,2403,301,0,132,1133,607,226,132,198,130,28,44
1400000US06085504420,"Census Tract 5044.20, Santa Clara County, California",4444,363,845,327,193,178,0,132,3067,409,0,132,69,62,270,155,23,34,247,139
1400000US06085504421,"Census Tract 5044.21, Santa Clara County, California",4557,401,958,273,119,92,0,132,2851,334,12,20,313,222,304,127,176,119,128,71
1400000US06085504422,"Census Tract 5044.22, Santa Clara County, California",3882,446,891,349,340,214,0,132,2254,285,30,30,308,162,59,50,16,20,43,46
1400000US06085504423,"Census Tract 5044.23, Santa Clara County, California",2287,264,617,126,31,35,9,15,1196,251,63,114,333,152,38,51,0,132,38,51
1400000US06085504504,"Census Tract 5045.04, Santa Clara County, California",9600,641,2818,402,678,212,113,82,4846,532,0,132,895,206,250,109,72,50,178,101
1400000US06085504505,"Census Tract 5045.05, Santa Clara County, California",4044,313,537,202,163,161,109,129,2460,361,0,132,573,235,202,121,18,26,184,119
1400000US06085504506,"Census Tract 5045.06, Santa Clara County, California",6080,470,1077,267,83,85,9,17,4525,527,0,132,132,94,254,189,0,132,254,189
1400000US06085504507,"Census Tract 5045.07, Santa Clara County, California",5724,387,1973,542,119,134,0,132,2567,489,13,21,794,475,258,163,67,58,191,159
1400000US06085504601,"Census Tract 5046.01, Santa Clara County, California",831,80,485,169,8,13,0,132,127,71,0,132,7,11,204,166,0,132,204,166
1400000US06085504602,"Census Tract 5046.02, Santa Clara County, California",1471,279,674,275,23,37,0,132,146,113,0,132,581,273,47,58,0,132,47,58
1400000US06085504700,"Census Tract 5047, Santa Clara County, California",236,179,209,196,0,132,0,132,27,43,0,132,0,132,0,132,0,132,0,132
1400000US06085504802,"Census Tract 5048.02, Santa Clara County, California",5363,432,1881,377,119,74,37,71,2361,348,0,132,844,433,121,72,63,53,58,44
1400000US06085504803,"Census Tract 5048.03, Santa Clara County, California",6260,419,1970,458,62,73,0,132,3247,342,8,13,904,393,69,51,0,132,69,51
1400000US06085504805,"Census Tract 5048.05, Santa Clara County, California",5516,496,3528,626,56,61,67,58,1438,455,0,132,139,170,288,182,35,61,253,171
1400000US06085504806,"Census Tract 5048.06, Santa Clara County, California",3290,437,905,295,57,83,0,132,1333,229,0,132,857,548,138,132,0,132,138,132
1400000US06085504901,"Census Tract 5049.01, Santa Clara County, California",8189,671,1901,338,411,399,0,132,5293,610,0,132,79,66,505,296,28,45,477,289
1400000US06085505001,"Census Tract 5050.01, Santa Clara County, California",9168,840,2561,578,28,61,10,18,5546,886,0,132,592,482,431,222,76,101,355,192
1400000US06085505006,"Census Tract 5050.06, Santa Clara County, California",3712,355,1045,220,48,45,0,132,2302,331,0,132,214,218,103,79,0,132,103,79
1400000US06085505007,"Census Tract 5050.07, Santa Clara County, California",4091,698,1679,485,215,182,86,133,1668,351,34,57,341,268,68,74,38,52,30,45
1400000US06085505008,"Census Tract 5050.08, Santa Clara County, California",4495,340,1343,261,121,112,9,16,2636,335,41,58,187,215,158,87,16,24,142,75
1400000US06085505009,"Census Tract 5050.09, Santa Clara County, California",6052,586,2678,464,675,280,0,132,1551,272,10,18,898,556,240,140,98,74,142,131
1400000US06085505100,"Census Tract 5051, Santa Clara County, California",2878,286,1258,400,70,59,0,132,1031,341,0,132,346,183,173,113,27,30,146,107
1400000US06085505202,"Census Tract 5052.02, Santa Clara County, California",6106,686,2622,527,283,246,95,133,1621,485,45,71,1214,664,226,188,0,132,226,188
1400000US06085505203,"Census Tract 5052.03, Santa Clara County, California",4080,911,2892,660,42,32,0,132,568,137,0,132,279,220,299,324,3,10,296,325
1400000US06085505301,"Census Tract 5053.01, Santa Clara County, California",4473,439,1701,371,77,72,9,13,2221,544,33,122,349,235,83,74,30,49,53,58
1400000US06085505302,"Census Tract 5053.02, Santa Clara County, California",3962,390,2131,264,60,63,12,19,1261,204,7,12,379,271,112,93,48,79,64,51
1400000US06085505303,"Census Tract 5053.03, Santa Clara County, California",6057,599,1990,444,118,103,35,54,2371,462,14,23,1181,486,348,218,112,99,236,194
1400000US06085505304,"Census Tract 5053.04, Santa Clara County, California",2905,246,1625,273,0,132,0,132,1000,271,0,132,191,148,89,66,0,132,89,66
1400000US06085505305,"Census Tract 5053.05, Santa Clara County, California",5783,646,2784,410,145,149,16,25,1864,322,18,29,555,538,401,207,226,194,175,121
1400000US06085505401,"Census Tract 5054.01, Santa Clara County, California",5864,572,2508,421,162,125,21,31,2713,542,0,132,265,195,195,118,86,74,109,92
1400000US06085505402,"Census Tract 5054.02, Santa Clara County, California",3218,349,1219,279,70,77,0,132,1093,262,282,311,385,193,169,95,24,27,145,94
1400000US06085505403,"Census Tract 5054.03, Santa Clara County, California",6309,549,2539,441,158,127,0,132,2491,487,47,58,610,462,464,265,70,99,394,252
1400000US06085505500,"Census Tract 5055, Santa Clara County, California",3874,533,2097,235,112,87,205,221,819,302,0,132,541,426,100,73,55,55,45,38
1400000US06085505600,"Census Tract 5056, Santa Clara County, California",3413,521,2212,390,14,25,0,132,708,250,25,41,317,181,137,91,32,38,105,78
1400000US06085505700,"Census Tract 5057, Santa Clara County, California",5339,435,3571,466,146,101,66,93,754,184,18,34,406,243,378,221,38,45,340,212
1400000US06085505800,"Census Tract 5058, Santa Clara County, California",3840,349,2464,387,80,67,15,24,536,136,0,132,538,244,207,105,83,74,124,68
1400000US06085505900,"Census Tract 5059, Santa Clara County, California",7017,455,3884,620,542,417,54,64,1613,347,0,132,548,228,376,189,62,90,314,182
1400000US06085506000,"Census Tract 5060, Santa Clara County, California",4474,271,2815,255,78,65,0,132,1279,277,0,132,144,162,158,121,15,27,143,120
1400000US06085506101,"Census Tract 5061.01, Santa Clara County, California",4458,257,2897,285,128,133,34,50,1068,187,0,132,179,131,152,64,48,45,104,58
1400000US06085506102,"Census Tract 5061.02, Santa Clara County, California",3789,252,2448,239,24,30,5,8,1005,174,0,132,161,215,146,95,24,26,122,91
1400000US06085506103,"Census Tract 5061.03, Santa Clara County, California",4718,322,2233,249,63,65,37,42,1973,308,0,132,182,89,230,112,26,41,204,109
1400000US06085506202,"Census Tract 5062.02, Santa Clara County, California",7136,591,3861,648,322,410,64,65,2293,389,18,28,148,133,430,187,156,141,274,152
1400000US06085506203,"Census Tract 5062.03, Santa Clara County, California",5284,536,1217,280,94,80,0,132,3538,565,7,13,160,124,268,149,14,24,254,150
1400000US06085506204,"Census Tract 5062.04, Santa Clara County, California",5660,434,2659,351,36,60,78,89,2274,299,14,22,476,368,123,92,32,51,91,73
1400000US06085506301,"Census Tract 5063.01, Santa Clara County, California",4888,386,2727,396,265,175,23,39,1202,385,0,132,511,415,160,91,17,25,143,88
1400000US06085506302,"Census Tract 5063.02, Santa Clara County, California",6323,333,3974,419,160,122,48,46,1415,252,0,132,546,261,180,115,21,40,159,103
1400000US06085506304,"Census Tract 5063.04, Santa Clara County, California",4397,493,2094,401,223,161,68,79,1328,436,199,193,394,310,91,77,0,132,91,77
1400000US06085506305,"Census Tract 5063.05, Santa Clara County, California",7382,850,3807,819,441,163,31,35,1634,236,0,132,1357,734,112,101,11,20,101,97
1400000US06085506401,"Census Tract 5064.01, Santa Clara County, California",4271,550,2229,434,121,107,0,132,1110,288,70,56,644,430,97,63,29,44,68,47
1400000US06085506402,"Census Tract 5064.02, Santa Clara County, California",5407,405,3486,573,195,145,16,20,860,277,0,132,522,260,328,182,125,112,203,138
1400000US06085506501,"Census Tract 5065.01, Santa Clara County, California",6837,605,3881,661,242,169,0,132,1262,273,0,132,1167,593,285,187,78,94,207,161
1400000US06085506502,"Census Tract 5065.02, Santa Clara County, California",3853,299,2621,296,91,97,0,132,520,188,46,65,282,168,293,144,30,39,263,136
1400000US06085506503,"Census Tract 5065.03, Santa Clara County, California",5524,406,3624,524,224,211,39,62,1103,359,0,132,432,229,102,90,0,132,102,90
1400000US06085506601,"Census Tract 5066.01, Santa Clara County, California",4510,349,2673,411,124,99,84,92,816,193,0,132,653,270,160,76,16,20,144,76
1400000US06085506603,"Census Tract 5066.03, Santa Clara County, California",4196,271,2837,305,5,12,0,132,975,136,23,41,178,113,178,81,0,132,178,81
1400000US06085506604,"Census Tract 5066.04, Santa Clara County, California",6864,280,4154,501,233,267,0,132,1596,477,0,132,321,194,560,308,143,132,417,267
1400000US06085506605,"Census Tract 5066.05, Santa Clara County, California",4024,322,2287,325,122,118,156,194,753,231,0,132,454,205,252,119,68,65,184,112
1400000US06085506606,"Census Tract 5066.06, Santa Clara County, California",4164,284,2037,236,130,86,17,19,1040,178,0,132,476,296,464,164,228,155,236,154
1400000US06085506701,"Census Tract 5067.01, Santa Clara County, California",3972,272,2783,298,29,46,93,104,808,203,0,132,94,97,165,117,11,18,154,112
1400000US06085506702,"Census Tract 5067.02, Santa Clara County, California",5723,572,3421,457,85,68,282,249,887,207,0,132,846,469,202,166,69,95,133,112
1400000US06085506703,"Census Tract 5067.03, Santa Clara County, California",3591,268,2518,410,328,251,0,132,420,193,15,26,115,77,195,135,0,132,195,135
1400000US06085506801,"Census Tract 5068.01, Santa Clara County, California",5539,389,4309,402,64,85,14,24,810,216,0,132,98,126,244,245,0,132,244,245
1400000US06085506802,"Census Tract 5068.02, Santa Clara County, California",5094,392,4349,429,20,33,60,88,437,122,0,132,147,152,81,68,0,132,81,68
1400000US06085506803,"Census Tract 5068.03, Santa Clara County, California",6750,358,4502,510,340,349,0,132,1225,367,21,35,420,396,242,166,56,91,186,137
1400000US06085506804,"Census Tract 5068.04, Santa Clara County, California",3542,166,2934,186,0,132,0,132,551,94,0,132,25,32,32,39,0,132,32,39
1400000US06085506900,"Census Tract 5069, Santa Clara County, California",7510,651,6426,606,28,48,0,132,801,275,20,32,88,70,147,96,0,132,147,96
1400000US06085507001,"Census Tract 5070.01, Santa Clara County, California",6812,408,6335,408,8,13,0,132,324,128,15,25,91,66,39,36,0,132,39,36
1400000US06085507002,"Census Tract 5070.02, Santa Clara County, California",2781,231,2505,258,43,42,0,132,168,131,0,132,19,30,46,41,0,132,46,41
1400000US06085507100,"Census Tract 5071, Santa Clara County, California",2417,204,2111,223,17,22,0,132,119,60,0,132,31,30,139,84,17,19,122,86
1400000US06085507203,"Census Tract 5072.03, Santa Clara County, California",2163,364,1594,290,0,132,0,132,308,116,0,132,0,132,261,205,0,132,261,205
1400000US06085507205,"Census Tract 5072.05, Santa Clara County, California",4494,257,3607,287,46,53,0,132,500,127,8,14,59,58,274,153,15,18,259,150
1400000US06085507206,"Census Tract 5072.06, Santa Clara County, California",2677,205,2112,316,32,102,0,132,382,217,0,132,92,81,59,46,0,132,59,46
1400000US06085507301,"Census Tract 5073.01, Santa Clara County, California",6876,380,4570,467,0,132,0,132,2001,320,0,132,21,34,284,211,60,98,224,203
1400000US06085507302,"Census Tract 5073.02, Santa Clara County, California",2392,185,1909,150,0,132,0,132,359,125,0,132,21,51,103,89,12,19,91,87
1400000US06085507401,"Census Tract 5074.01, Santa Clara County, California",5356,236,2324,177,0,132,0,132,2825,237,0,132,33,46,174,107,0,132,174,107
1400000US06085507402,"Census Tract 5074.02, Santa Clara County, California",3598,219,2447,265,5,12,0,132,983,171,0,132,20,32,143,107,0,132,143,107
1400000US06085507500,"Census Tract 5075, Santa Clara County, California",5875,389,2634,421,0,132,13,23,3049,347,0,132,46,68,133,86,34,41,99,78
1400000US06085507600,"Census Tract 5076, Santa Clara County, California",5719,407,2752,335,84,115,0,132,2372,263,0,132,118,115,393,293,205,278,188,121
1400000US06085507701,"Census Tract 5077.01, Santa Clara County, California",4076,209,1338,155,66,82,0,132,2423,294,0,132,165,250,84,84,0,132,84,84
1400000US06085507702,"Census Tract 5077.02, Santa Clara County, California",6366,335,2021,251,0,132,0,132,4159,296,0,132,0,132,186,131,0,132,186,131
1400000US06085507703,"Census Tract 5077.03, Santa Clara County, California",6921,497,3126,321,241,321,0,132,3236,520,0,132,64,151,254,152,77,98,177,113
1400000US06085507805,"Census Tract 5078.05, Santa Clara County, California",4663,310,1804,257,22,25,0,132,2414,336,35,49,206,192,182,103,0,132,182,103
1400000US06085507806,"Census Tract 5078.06, Santa Clara County, California",5553,381,1372,290,49,63,13,19,3819,460,0,132,169,138,131,78,14,24,117,74
1400000US06085507807,"Census Tract 5078.07, Santa Clara County, California",3352,211,836,139,0,132,0,132,2332,245,81,106,46,60,57,53,11,19,46,48
1400000US06085507808,"Census Tract 5078.08, Santa Clara County, California",5389,286,1696,212,10,17,8,13,3569,315,11,18,34,52,61,46,0,132,61,46
1400000US06085507903,"Census Tract 5079.03, Santa Clara County, California",4880,223,1285,119,25,27,0,132,3525,237,0,132,0,132,45,43,0,132,45,43
1400000US06085507904,"Census Tract 5079.04, Santa Clara County, California",3582,239,1331,222,38,59,0,132,2103,219,0,132,29,44,81,73,0,132,81,73
1400000US06085507905,"Census Tract 5079.05, Santa Clara County, California",6286,482,1260,316,225,218,8,14,4616,581,0,132,63,112,114,86,12,28,102,90
1400000US06085507906,"Census Tract 5079.06, Santa Clara County, California",4606,264,1312,164,0,132,0,132,3250,296,0,132,0,132,44,50,0,132,44,50
1400000US06085508001,"Census Tract 5080.01, Santa Clara County, California",7199,563,2597,413,36,43,8,14,4268,484,44,75,69,115,177,99,0,132,177,99
1400000US06085508003,"Census Tract 5080.03, Santa Clara County, California",2419,193,903,204,39,74,18,29,1423,222,0,132,31,58,5,45,3,22,2,34
1400000US06085508004,"Census Tract 5080.04, Santa Clara County, California",6001,419,1934,352,47,77,0,132,3281,424,17,27,418,335,304,160,189,143,115,75
1400000US06085508101,"Census Tract 5081.01, Santa Clara County, California",6905,564,2271,396,21,34,0,132,4084,537,0,132,380,450,149,138,56,83,93,116
1400000US06085508102,"Census Tract 5081.02, Santa Clara County, California",2860,224,1150,134,0,132,0,132,1567,212,9,17,0,132,134,77,27,43,107,61
1400000US06085508202,"Census Tract 5082.02, Santa Clara County, California",7301,411,3384,391,0,132,18,29,2726,464,329,303,666,419,178,137,57,76,121,102
1400000US06085508203,"Census Tract 5082.03, Santa Clara County, California",5116,293,2711,260,65,77,0,132,1950,249,0,132,193,307,197,104,34,33,163,97
1400000US06085508204,"Census Tract 5082.04, Santa Clara County, California",4231,303,1948,283,0,132,0,132,2132,280,0,132,11,18,140,130,0,132,140,130
1400000US06085508301,"Census Tract 5083.01, Santa Clara County, California",4210,270,2637,228,9,15,10,15,1438,181,14,24,0,132,102,76,0,132,102,76
1400000US06085508303,"Census Tract 5083.03, Santa Clara County, California",2377,142,1674,139,0,132,9,13,683,149,0,132,0,132,11,16,0,132,11,16
1400000US06085508304,"Census Tract 5083.04, Santa Clara County, California",7006,503,2514,525,211,180,0,132,3447,392,19,32,490,438,325,215,35,61,290,209
1400000US06085508401,"Census Tract 5084.01, Santa Clara County, California",6460,484,3637,530,394,361,14,22,2171,387,20,23,86,102,138,116,10,15,128,115
1400000US06085508403,"Census Tract 5084.03, Santa Clara County, California",2563,162,1602,171,45,56,0,132,761,137,0,132,7,11,148,92,11,17,137,93
1400000US06085508404,"Census Tract 5084.04, Santa Clara County, California",5984,448,3409,298,121,150,28,43,2262,424,0,132,49,47,115,87,0,132,115,87
1400000US06085508503,"Census Tract 5085.03, Santa Clara County, California",6061,411,2676,396,70,88,0,132,3097,455,0,132,153,148,65,68,0,132,65,68
1400000US06085508504,"Census Tract 5085.04, Santa Clara County, California",7505,407,2504,411,322,224,0,132,4021,622,142,178,397,302,119,100,9,17,110,95
1400000US06085508505,"Census Tract 5085.05, Santa Clara County, California",4634,243,2370,242,23,34,41,61,1940,262,0,132,65,56,195,124,73,93,122,74
1400000US06085508507,"Census Tract 5085.07, Santa Clara County, California",3194,241,800,189,73,65,0,132,1943,279,0,132,298,214,80,73,0,132,80,73
1400000US06085508508,"Census Tract 5085.08, Santa Clara County, California",4777,418,1798,382,19,32,13,23,2172,348,0,132,596,374,179,125,15,25,164,123
1400000US06085508601,"Census Tract 5086.01, Santa Clara County, California",3594,286,1943,218,9,14,26,39,1063,181,0,132,184,115,369,230,65,78,304,210
1400000US06085508602,"Census Tract 5086.02, Santa Clara County, California",3853,418,2228,310,133,117,0,132,895,259,0,132,243,177,354,184,135,92,219,155
1400000US06085508703,"Census Tract 5087.03, Santa Clara County, California",7255,582,2562,369,142,194,0,132,3355,461,94,127,871,423,231,177,71,124,160,127
1400000US06085508704,"Census Tract 5087.04, Santa Clara County, California",4743,407,1809,307,125,171,34,48,2090,357,173,159,439,370,73,60,0,132,73,60
1400000US06085508800,"Census Tract 5088, Santa Clara County, California",3645,349,1491,299,196,175,0,132,1095,209,0,132,690,375,173,152,0,132,173,152
1400000US06085508900,"Census Tract 5089, Santa Clara County, California",5410,525,1603,319,161,117,55,68,2032,392,218,341,1148,484,193,95,43,46,150,85
1400000US06085509000,"Census Tract 5090, Santa Clara County, California",7764,537,3452,613,262,136,52,57,1679,320,71,82,1909,491,339,177,108,114,231,142
1400000US06085509102,"Census Tract 5091.02, Santa Clara County, California",4795,360,1935,423,227,143,8,14,2305,444,11,21,201,209,108,73,46,40,62,61
1400000US06085509105,"Census Tract 5091.05, Santa Clara County, California",6786,493,3690,555,127,107,3,8,2174,502,0,132,618,426,174,118,14,22,160,115
1400000US06085509106,"Census Tract 5091.06, Santa Clara County, California",3951,289,1810,318,125,100,0,132,1654,257,0,132,240,222,122,109,18,28,104,106
1400000US06085509107,"Census Tract 5091.07, Santa Clara County, California",4702,444,1428,311,214,205,0,132,2003,374,14,24,960,510,83,95,39,66,44,71
1400000US06085509108,"Census Tract 5091.08, Santa Clara County, California",3886,449,2083,321,224,216,7,11,906,236,0,132,545,283,121,101,0,132,121,101
1400000US06085509109,"Census Tract 5091.09, Santa Clara County, California",4132,353,2197,355,113,122,0,132,1300,224,0,132,310,186,212,117,21,32,191,110
1400000US06085509201,"Census Tract 5092.01, Santa Clara County, California",3936,388,2452,409,58,72,24,37,1087,254,0,132,218,157,97,66,10,16,87,68
1400000US06085509202,"Census Tract 5092.02, Santa Clara County, California",4476,292,2357,306,178,135,0,132,1389,196,0,132,347,199,205,108,27,44,178,99
1400000US06085509302,"Census Tract 5093.02, Santa Clara County, California",2719,178,1964,249,120,105,0,132,418,144,0,132,165,201,52,45,0,132,52,45
1400000US06085509303,"Census Tract 5093.03, Santa Clara County, California",3364,275,2002,253,30,32,0,132,1002,234,0,132,89,70,241,164,0,132,241,164
1400000US06085509304,"Census Tract 5093.04, Santa Clara County, California",3011,374,1454,302,0,132,0,132,678,218,155,143,690,448,34,40,9,15,25,38
1400000US06085509401,"Census Tract 5094.01, Santa Clara County, California",3083,319,1527,195,358,165,0,132,1085,318,8,16,30,32,75,63,34,49,41,40
1400000US06085509403,"Census Tract 5094.03, Santa Clara County, California",4617,474,2772,571,148,118,0,132,650,264,42,63,879,478,126,91,0,132,126,91
1400000US06085509404,"Census Tract 5094.04, Santa Clara County, California",6590,860,2704,466,24,41,0,132,1818,273,220,301,1650,975,174,145,17,31,157,139
1400000US06085509500,"Census Tract 5095, Santa Clara County, California",5721,558,2972,486,311,289,0,132,1303,384,0,132,942,431,193,103,27,35,166,98
1400000US06085509600,"Census Tract 5096, Santa Clara County, California",2528,252,1690,253,0,132,0,132,793,247,0,132,23,35,22,25,0,132,22,25
1400000US06085509700,"Census Tract 5097, Santa Clara County, California",2963,260,1994,225,0,132,13,20,687,186,0,132,112,94,157,101,0,132,157,101
1400000US06085509801,"Census Tract 5098.01, Santa Clara County, California",4979,271,3244,339,76,77,0,132,985,275,24,35,323,278,327,156,29,36,298,155
1400000US06085509802,"Census Tract 5098.02, Santa Clara County, California",2544,219,1786,238,20,17,10,16,488,94,0,132,78,67,162,91,34,39,128,85
1400000US06085509901,"Census Tract 5099.01, Santa Clara County, California",2421,858,2072,844,5,8,23,49,290,111,0,132,26,28,5,8,0,132,5,8
1400000US06085509902,"Census Tract 5099.02, Santa Clara County, California",4743,320,3256,238,36,29,0,132,1096,181,0,132,186,163,169,88,0,132,169,88
1400000US06085510001,"Census Tract 5100.01, Santa Clara County, California",6115,252,4143,312,8,13,0,132,1387,188,8,13,54,52,515,281,43,64,472,279
1400000US06085510002,"Census Tract 5100.02, Santa Clara County, California",3638,204,2623,213,0,132,0,132,933,170,0,132,15,24,67,59,0,132,67,59
1400000US06085510100,"Census Tract 5101, Santa Clara County, California",3025,145,1966,157,11,16,0,132,632,107,0,132,12,18,404,183,130,173,274,171
1400000US06085510200,"Census Tract 5102, Santa Clara County, California",4086,167,3197,139,10,16,0,132,742,139,10,16,0,132,127,88,0,132,127,88
1400000US06085510300,"Census Tract 5103, Santa Clara County, California",4003,245,2980,295,0,132,0,132,680,159,0,132,66,85,277,171,0,132,277,171
1400000US06085510400,"Census Tract 5104, Santa Clara County, California",3107,221,1981,212,0,132,9,16,883,193,0,132,108,107,126,64,0,132,126,64
1400000US06085510500,"Census Tract 5105, Santa Clara County, California",4196,221,3336,249,14,22,0,132,743,207,0,132,0,132,103,73,10,16,93,71
1400000US06085510600,"Census Tract 5106, Santa Clara County, California",6258,435,3971,525,328,299,14,21,1518,303,0,132,382,413,45,40,0,132,45,40
1400000US06085510700,"Census Tract 5107, Santa Clara County, California",4068,300,2028,279,58,48,0,132,1645,280,11,17,146,97,180,113,0,132,180,113
1400000US06085510801,"Census Tract 5108.01, Santa Clara County, California",4834,302,2853,308,36,41,21,33,1682,253,0,132,104,94,138,89,36,57,102,68
1400000US06085510802,"Census Tract 5108.02, Santa Clara County, California",1892,115,1472,165,13,19,0,132,293,132,0,132,69,58,45,46,0,132,45,46
1400000US06085510803,"Census Tract 5108.03, Santa Clara County, California",2697,204,1560,165,32,38,17,26,988,221,0,132,17,27,83,66,7,12,76,65
1400000US06085510900,"Census Tract 5109, Santa Clara County, California",5185,314,3236,332,208,263,67,99,1372,219,0,132,18,28,284,157,109,98,175,114
1400000US06085511000,"Census Tract 5110, Santa Clara County, California",5908,405,3341,401,168,155,11,17,2036,254,0,132,159,147,193,125,0,132,193,125
1400000US06085511100,"Census Tract 5111, Santa Clara County, California",5408,453,3995,366,96,123,33,49,1177,254,12,20,22,34,73,56,0,132,73,56
1400000US06085511200,"Census Tract 5112, Santa Clara County, California",5133,286,3874,285,156,156,11,17,705,221,0,132,77,94,310,127,50,52,260,115
1400000US06085511301,"Census Tract 5113.01, Santa Clara County, California",3537,321,2437,333,96,71,0,132,819,331,0,132,46,40,139,108,13,22,126,107
1400000US06085511302,"Census Tract 5113.02, Santa Clara County, California",4031,309,3026,379,199,107,21,24,598,229,0,132,97,82,90,91,0,132,90,91
1400000US06085511400,"Census Tract 5114, Santa Clara County, California",3576,291,2838,275,105,97,0,132,482,180,0,132,7,12,144,92,0,132,144,92
1400000US06085511500,"Census Tract 5115, Santa Clara County, California",6853,611,5001,462,201,162,18,28,1355,333,0,132,11,17,267,109,36,40,231,103
1400000US06085511608,"Census Tract 5116.08, Santa Clara County, California",3758,523,2089,419,257,144,16,26,849,244,18,28,237,127,292,110,59,45,233,120
1400000US06085511609,"Census Tract 5116.09, Santa Clara County, California",3164,269,1997,270,95,64,0,132,1016,168,0,132,0,132,56,47,0,132,56,47
1400000US06085511701,"Census Tract 5117.01, Santa Clara County, California",4132,233,2809,237,0,132,0,132,1275,282,0,132,0,132,48,57,0,132,48,57
1400000US06085511702,"Census Tract 5117.02, Santa Clara County, California",2852,250,2137,230,0,132,11,16,607,107,22,37,16,26,59,61,24,38,35,32
1400000US06085511704,"Census Tract 5117.04, Santa Clara County, California",4504,222,2953,207,14,24,0,132,1458,203,0,132,0,132,79,80,0,132,79,80
1400000US06085511705,"Census Tract 5117.05, Santa Clara County, California",911,326,626,366,23,38,0,132,262,135,0,132,0,132,0,132,0,132,0,132
1400000US06085511707,"Census Tract 5117.07, Santa Clara County, California",2773,228,2110,264,0,132,26,27,531,168,0,132,49,50,57,51,16,23,41,42
1400000US06085511800,"Census Tract 5118, Santa Clara County, California",3940,401,3561,370,10,16,30,42,186,95,0,132,69,62,84,69,0,132,84,69
1400000US06085511905,"Census Tract 5119.05, Santa Clara County, California",2967,289,1928,265,57,55,19,27,848,179,0,132,39,52,76,81,0,132,76,81
1400000US06085511907,"Census Tract 5119.07, Santa Clara County, California",4156,205,2413,249,0,132,7,13,1495,265,34,59,66,74,141,110,39,62,102,90
1400000US06085511909,"Census Tract 5119.09, Santa Clara County, California",8664,396,4825,422,78,100,15,24,3275,323,0,132,0,132,471,258,0,132,471,258
1400000US06085511910,"Census Tract 5119.10, Santa Clara County, California",2999,205,2454,224,34,48,0,132,438,187,0,132,0,132,73,70,0,132,73,70
1400000US06085511911,"Census Tract 5119.11, Santa Clara County, California",4556,333,3035,257,191,147,17,19,848,193,18,27,253,157,194,110,20,30,174,109
1400000US06085511912,"Census Tract 5119.12, Santa Clara County, California",5655,277,3279,273,14,22,35,55,2064,246,0,132,29,29,234,152,7,15,227,151
1400000US06085511913,"Census Tract 5119.13, Santa Clara County, California",4611,239,3402,274,48,42,20,33,676,149,0,132,166,120,299,171,138,144,161,99
1400000US06085511914,"Census Tract 5119.14, Santa Clara County, California",5914,322,4152,288,196,259,10,15,1256,174,0,132,10,16,290,132,63,60,227,107
1400000US06085511915,"Census Tract 5119.15, Santa Clara County, California",3447,371,1855,427,166,173,12,22,263,241,0,132,1117,568,34,55,34,55,0,132
1400000US06085511916,"Census Tract 5119.16, Santa Clara County, California",4255,312,3013,311,39,60,36,40,934,314,0,132,87,84,146,112,10,16,136,108
1400000US06085512001,"Census Tract 5120.01, Santa Clara County, California",6613,327,3225,503,56,59,10,18,2485,303,0,132,696,394,141,77,12,18,129,79
1400000US06085512005,"Census Tract 5120.05, Santa Clara County, California",6869,344,4328,498,107,113,21,33,1459,382,0,132,572,349,382,180,17,27,365,175
1400000US06085512017,"Census Tract 5120.17, Santa Clara County, California",8417,698,4016,702,297,208,86,111,2850,487,0,132,629,302,539,285,7,13,532,283
1400000US06085512019,"Census Tract 5120.19, Santa Clara County, California",4745,367,2493,434,106,106,0,132,1196,244,39,63,717,257,194,103,0,132,194,103
1400000US06085512020,"Census Tract 5120.20, Santa Clara County, California",6895,430,3291,508,315,91,0,132,2480,415,0,132,530,243,279,174,108,115,171,124
1400000US06085512021,"Census Tract 5120.21, Santa Clara County, California",6027,545,3267,512,461,334,9,17,1797,294,37,67,343,320,113,112,23,37,90,109
1400000US06085512022,"Census Tract 5120.22, Santa Clara County, California",5533,502,2591,438,146,106,27,39,2069,344,0,132,583,348,117,107,50,62,67,72
1400000US06085512023,"Census Tract 5120.23, Santa Clara County, California",5852,530,3291,579,132,109,0,132,1145,342,0,132,796,355,488,221,176,117,312,167
1400000US06085512024,"Census Tract 5120.24, Santa Clara County, California",4503,398,2270,394,347,225,20,31,1052,295,0,132,282,176,532,350,51,51,481,358
1400000US06085512025,"Census Tract 5120.25, Santa Clara County, California",3129,169,2062,270,18,26,26,30,615,206,60,75,191,264,157,111,45,57,112,91
1400000US06085512026,"Census Tract 5120.26, Santa Clara County, California",4061,360,2233,457,213,225,0,132,961,384,0,132,538,332,116,94,0,132,116,94
1400000US06085512027,"Census Tract 5120.27, Santa Clara County, California",4176,302,2900,382,52,66,0,132,499,201,16,28,315,179,394,252,97,65,297,232
1400000US06085512029,"Census Tract 5120.29, Santa Clara County, California",7399,748,5246,702,185,190,192,177,515,274,0,132,792,542,469,282,154,144,315,224
1400000US06085512030,"Census Tract 5120.30, Santa Clara County, California",2653,205,1650,219,26,44,0,132,573,141,0,132,371,189,33,39,0,132,33,39
1400000US06085512031,"Census Tract 5120.31, Santa Clara County, California",4518,347,3147,449,280,188,0,132,532,146,27,51,273,125,259,121,37,34,222,108
1400000US06085512032,"Census Tract 5120.32, Santa Clara County, California",3582,285,1963,430,21,24,0,132,501,86,158,197,613,262,326,151,138,101,188,130
1400000US06085512033,"Census Tract 5120.33, Santa Clara County, California",6131,592,3672,397,226,158,0,132,1518,378,46,71,174,122,495,259,39,60,456,252
1400000US06085512034,"Census Tract 5120.34, Santa Clara County, California",3084,270,2074,355,0,132,0,132,557,134,56,81,278,166,119,98,8,27,111,93
1400000US06085512035,"Census Tract 5120.35, Santa Clara County, California",4209,266,2735,304,52,61,8,14,711,168,0,132,333,203,370,212,80,71,290,209
1400000US06085512036,"Census Tract 5120.36, Santa Clara County, California",4577,283,2611,350,82,63,0,132,1642,309,0,132,138,80,104,75,24,37,80,68
1400000US06085512037,"Census Tract 5120.37, Santa Clara County, California",2871,369,1902,318,144,189,0,132,359,258,88,139,258,204,120,89,94,82,26,38
1400000US06085512038,"Census Tract 5120.38, Santa Clara County, California",2787,332,1430,318,333,203,0,132,751,164,0,132,261,226,12,24,6,11,6,18
1400000US06085512039,"Census Tract 5120.39, Santa Clara County, California",5260,564,1900,577,329,242,0,132,2056,305,0,132,888,621,87,74,0,132,87,74
1400000US06085512042,"Census Tract 5120.42, Santa Clara County, California",2844,433,1323,425,141,147,10,17,1073,246,0,132,230,200,67,80,48,71,19,32
1400000US06085512043,"Census Tract 5120.43, Santa Clara County, California",6932,712,2854,651,560,288,13,24,1500,363,0,132,1535,826,470,258,72,102,398,253
1400000US06085512045,"Census Tract 5120.45, Santa Clara County, California",5673,416,4179,445,56,59,14,21,776,307,0,132,326,223,322,163,128,95,194,134
1400000US06085512047,"Census Tract 5120.47, Santa Clara County, California",5853,507,4168,544,200,142,36,28,777,290,0,132,329,195,343,246,253,235,90,90
1400000US06085512052,"Census Tract 5120.52, Santa Clara County, California",3985,275,2569,352,310,270,0,132,481,206,0,132,362,230,263,157,202,149,61,59
1400000US06085512053,"Census Tract 5120.53, Santa Clara County, California",4807,340,2991,395,162,112,47,78,659,193,0,132,465,279,483,356,304,318,179,143
1400000US06085512100,"Census Tract 5121, Santa Clara County, California",1668,339,1335,300,0,132,0,132,324,129,0,132,9,15,0,132,0,132,0,132
1400000US06085512200,"Census Tract 5122, Santa Clara County, California",4401,481,3394,426,22,37,0,132,578,253,12,18,242,232,153,105,79,72,74,65
1400000US06085512305,"Census Tract 5123.05, Santa Clara County, California",3315,471,2342,355,111,108,0,132,583,160,33,47,147,178,99,92,0,132,99,92
1400000US06085512307,"Census Tract 5123.07, Santa Clara County, California",5488,436,4332,499,194,149,0,132,401,226,85,111,284,255,192,121,19,30,173,118
1400000US06085512308,"Census Tract 5123.08, Santa Clara County, California",6660,411,4798,463,112,101,26,28,1045,204,0,132,322,226,357,186,92,105,265,127
1400000US06085512309,"Census Tract 5123.09, Santa Clara County, California",4395,271,3406,293,8,14,0,132,584,220,0,132,232,166,165,107,41,78,124,89
1400000US06085512310,"Census Tract 5123.10, Santa Clara County, California",3815,555,2557,623,84,102,0,132,281,240,0,132,653,297,240,148,35,37,205,130
1400000US06085512311,"Census Tract 5123.11, Santa Clara County, California",3235,541,2227,498,30,52,0,132,387,153,0,132,484,513,107,79,32,51,75,71
1400000US06085512312,"Census Tract 5123.12, Santa Clara County, California",2721,377,2136,409,0,132,0,132,243,209,0,132,196,159,146,152,25,38,121,141
1400000US06085512313,"Census Tract 5123.13, Santa Clara County, California",3847,349,2600,458,129,116,45,49,399,382,0,132,588,354,86,74,24,29,62,79
1400000US06085512314,"Census Tract 5123.14, Santa Clara County, California",7066,633,4128,876,104,118,9,17,646,376,52,77,1639,817,488,345,276,251,212,238
1400000US06085512401,"Census Tract 5124.01, Santa Clara County, California",5931,1951,3254,594,42,48,9,13,561,318,0,132,2029,2021,36,33,33,33,3,7
1400000US06085512402,"Census Tract 5124.02, Santa Clara County, California",4961,661,3296,554,0,132,55,73,943,584,11,20,351,255,305,139,27,31,278,136
1400000US06085512503,"Census Tract 5125.03, Santa Clara County, California",7796,575,5191,698,153,189,175,151,1160,630,20,34,785,478,312,169,153,106,159,130
1400000US06085512505,"Census Tract 5125.05, Santa Clara County, California",7156,632,4766,592,163,106,242,288,462,186,20,32,1170,468,333,171,128,129,205,112
1400000US06085512506,"Census Tract 5125.06, Santa Clara County, California",5958,556,3493,585,56,91,207,178,276,145,122,163,1514,555,290,208,118,118,172,158
1400000US06085512508,"Census Tract 5125.08, Santa Clara County, California",8047,653,6332,852,26,30,0,132,203,117,0,132,1216,563,270,183,137,113,133,146
1400000US06085512509,"Census Tract 5125.09, Santa Clara County, California",3483,340,2480,495,0,132,47,74,244,159,25,40,576,337,111,115,54,86,57,79
1400000US06085512510,"Census Tract 5125.10, Santa Clara County, California",5518,457,4120,503,106,89,11,16,462,160,9,20,371,325,439,370,302,367,137,98
1400000US06085512602,"Census Tract 5126.02, Santa Clara County, California",2724,597,1719,398,0,132,0,132,299,249,10,17,689,388,7,12,0,132,7,12
1400000US06085512603,"Census Tract 5126.03, Santa Clara County, California",3480,492,2164,596,197,183,66,94,38,129,0,132,1015,346,0,132,0,132,0,132
1400000US06085512604,"Census Tract 5126.04, Santa Clara County, California",4528,656,3972,672,33,37,0,132,19,31,0,132,471,288,33,41,21,36,12,20
1400000US06085513000,"Census Tract 5130, Santa Clara County, California",7879,1131,4328,833,384,122,163,122,2128,375,0,132,217,116,659,346,163,111,496,259
1400000US06085513500,"Census Tract 5135, Santa Clara County, California",864,380,773,293,29,48,14,24,0,132,0,132,48,58,0,132,0,132,0,132
